{
  "type": "FeatureCollection",
  "features": [
    {
      "type": "Feature",
      "id": "Q1042634",
      "geometry": {
        "type": "Point",
        "coordinates": [
          11.243611111111,
          43.767777777778
        ]
      },
      "properties": {
        "id": "Q1042634",
        "slug": "basilica-di-santa-maria-del-carmine-q1042634",
        "name": "basilica di Santa Maria del Carmine",
        "church_type": "basilica",
        "region": "Tuscany",
        "historic_scope": "historic",
        "date_display": "1268",
        "date_kind": "year",
        "start_year": 1268,
        "end_year": 1268,
        "date_source": "wikidata",
        "date_basis": "inception",
        "date_source_name": "Wikidata",
        "date_source_url": "https://www.wikidata.org/wiki/Q1042634",
        "date_sources": [
          {
            "name": "Wikidata",
            "url": "https://www.wikidata.org/wiki/Q1042634",
            "source_id": "Q1042634"
          }
        ],
        "historical_phases": [],
        "coordinate_source": "wikidata",
        "hero_image": "https://upload.wikimedia.org/wikipedia/commons/thumb/9/98/Piazza_del_Carmine%2C_veduta_sulla_chiesa_del_carmine.jpg/1920px-Piazza_del_Carmine%2C_veduta_sulla_chiesa_del_carmine.jpg",
        "hero_filename": "Piazza del Carmine, veduta sulla chiesa del carmine.jpg",
        "hero_description_url": "https://commons.wikimedia.org/wiki/File:Piazza_del_Carmine,_veduta_sulla_chiesa_del_carmine.jpg",
        "hero_artist": "Francesco Bini",
        "hero_license_name": "CC BY-SA 4.0",
        "hero_license_url": "https://creativecommons.org/licenses/by-sa/4.0",
        "website": "https://bigliettimusei.comune.fi.it/4_cappella-brancacci/#info",
        "wikidata_url": "https://www.wikidata.org/wiki/Q1042634",
        "osm_url": "https://www.openstreetmap.org/way/118425485"
      }
    },
    {
      "type": "Feature",
      "id": "Q1049041",
      "geometry": {
        "type": "Point",
        "coordinates": [
          11.33742,
          43.31792
        ]
      },
      "properties": {
        "id": "Q1049041",
        "slug": "chiesa-di-santo-spirito-q1049041",
        "name": "chiesa di Santo Spirito",
        "church_type": "church",
        "region": "Tuscany",
        "historic_scope": "historic",
        "date_display": "1498",
        "date_kind": "year",
        "start_year": 1498,
        "end_year": 1498,
        "date_source": "wikidata",
        "date_basis": "inception",
        "date_source_name": "Wikidata",
        "date_source_url": "https://www.wikidata.org/wiki/Q1049041",
        "date_sources": [
          {
            "name": "Wikidata",
            "url": "https://www.wikidata.org/wiki/Q1049041",
            "source_id": "Q1049041"
          }
        ],
        "historical_phases": [],
        "coordinate_source": "wikidata",
        "hero_image": "https://upload.wikimedia.org/wikipedia/commons/thumb/d/df/SienaSantoSpirito2.jpg/1920px-SienaSantoSpirito2.jpg",
        "hero_filename": "SienaSantoSpirito2.jpg",
        "hero_description_url": "https://commons.wikimedia.org/wiki/File:SienaSantoSpirito2.jpg",
        "hero_artist": "LigaDue",
        "hero_license_name": "CC BY-SA 4.0",
        "hero_license_url": "https://creativecommons.org/licenses/by-sa/4.0",
        "website": null,
        "wikidata_url": "https://www.wikidata.org/wiki/Q1049041",
        "osm_url": "https://www.openstreetmap.org/way/47003836"
      }
    },
    {
      "type": "Feature",
      "id": "Q1062114",
      "geometry": {
        "type": "Point",
        "coordinates": [
          11.250719,
          43.770153
        ]
      },
      "properties": {
        "id": "Q1062114",
        "slug": "basilica-di-santa-trinita-q1062114",
        "name": "basilica di Santa Trinita",
        "church_type": "basilica",
        "region": "Tuscany",
        "historic_scope": "historic",
        "date_display": "1250",
        "date_kind": "year",
        "start_year": 1250,
        "end_year": 1250,
        "date_source": "wikidata",
        "date_basis": "inception",
        "date_source_name": "Wikidata",
        "date_source_url": "https://www.wikidata.org/wiki/Q1062114",
        "date_sources": [
          {
            "name": "Wikidata",
            "url": "https://www.wikidata.org/wiki/Q1062114",
            "source_id": "Q1062114"
          }
        ],
        "historical_phases": [],
        "coordinate_source": "wikidata",
        "hero_image": "https://upload.wikimedia.org/wikipedia/commons/2/2d/Basilica_di_Santa_Trinita%2C_Florence.jpg",
        "hero_filename": "Basilica di Santa Trinita, Florence.jpg",
        "hero_description_url": "https://commons.wikimedia.org/wiki/File:Basilica_di_Santa_Trinita,_Florence.jpg",
        "hero_artist": "LivornoDP",
        "hero_license_name": "CC BY-SA 3.0",
        "hero_license_url": "https://creativecommons.org/licenses/by-sa/3.0",
        "website": "http://www.monaci.org/monastero-santa-trinita",
        "wikidata_url": "https://www.wikidata.org/wiki/Q1062114",
        "osm_url": "https://www.openstreetmap.org/way/478272186"
      }
    },
    {
      "type": "Feature",
      "id": "Q1069665",
      "geometry": {
        "type": "Point",
        "coordinates": [
          11.252636111111,
          43.766833333333
        ]
      },
      "properties": {
        "id": "Q1069665",
        "slug": "chiesa-di-santa-felicita-q1069665",
        "name": "chiesa di Santa Felicita",
        "church_type": "church",
        "region": "Tuscany",
        "historic_scope": "historic",
        "date_display": "1050s",
        "date_kind": "decade",
        "start_year": 1050,
        "end_year": 1059,
        "date_source": "wikidata",
        "date_basis": "inception",
        "date_source_name": "Wikidata",
        "date_source_url": "https://www.wikidata.org/wiki/Q1069665",
        "date_sources": [
          {
            "name": "Wikidata",
            "url": "https://www.wikidata.org/wiki/Q1069665",
            "source_id": "Q1069665"
          }
        ],
        "historical_phases": [],
        "coordinate_source": "wikidata",
        "hero_image": "https://upload.wikimedia.org/wikipedia/commons/thumb/f/f5/Santa_Felicita_%28Florence%29.jpg/1920px-Santa_Felicita_%28Florence%29.jpg",
        "hero_filename": "Santa Felicita (Florence).jpg",
        "hero_description_url": "https://commons.wikimedia.org/wiki/File:Santa_Felicita_(Florence).jpg",
        "hero_artist": "Ricardalovesmonuments",
        "hero_license_name": "CC BY-SA 4.0",
        "hero_license_url": "https://creativecommons.org/licenses/by-sa/4.0",
        "website": "http://www.santafelicitafirenze.it",
        "wikidata_url": "https://www.wikidata.org/wiki/Q1069665",
        "osm_url": "https://www.openstreetmap.org/way/159394659"
      }
    },
    {
      "type": "Feature",
      "id": "Q1071192",
      "geometry": {
        "type": "Point",
        "coordinates": [
          11.24396667,
          43.76999167
        ]
      },
      "properties": {
        "id": "Q1071192",
        "slug": "chiesa-di-san-frediano-in-cestello-q1071192",
        "name": "chiesa di San Frediano in Cestello",
        "church_type": "church",
        "region": "Tuscany",
        "historic_scope": "historic",
        "date_display": "1689",
        "date_kind": "year",
        "start_year": 1689,
        "end_year": 1689,
        "date_source": "wikidata",
        "date_basis": "inception",
        "date_source_name": "Wikidata",
        "date_source_url": "https://www.wikidata.org/wiki/Q1071192",
        "date_sources": [
          {
            "name": "Wikidata",
            "url": "https://www.wikidata.org/wiki/Q1071192",
            "source_id": "Q1071192"
          }
        ],
        "historical_phases": [],
        "coordinate_source": "wikidata",
        "hero_image": "https://upload.wikimedia.org/wikipedia/commons/3/37/Florence%2C_San_Frediano_in_Cestello_001.JPG",
        "hero_filename": "Florence, San Frediano in Cestello 001.JPG",
        "hero_description_url": "https://commons.wikimedia.org/wiki/File:Florence,_San_Frediano_in_Cestello_001.JPG",
        "hero_artist": "Mattana",
        "hero_license_name": "CC BY-SA 3.0",
        "hero_license_url": "https://creativecommons.org/licenses/by-sa/3.0",
        "website": null,
        "wikidata_url": "https://www.wikidata.org/wiki/Q1071192",
        "osm_url": "https://www.openstreetmap.org/way/118416085"
      }
    },
    {
      "type": "Feature",
      "id": "Q1102245",
      "geometry": {
        "type": "Point",
        "coordinates": [
          11.33624,
          43.31758
        ]
      },
      "properties": {
        "id": "Q1102245",
        "slug": "chiesa-di-san-giorgio-q1102245",
        "name": "chiesa di San Giorgio",
        "church_type": "church",
        "region": "Tuscany",
        "historic_scope": "historic",
        "date_display": "1081",
        "date_kind": "year",
        "start_year": 1081,
        "end_year": 1081,
        "date_source": "wikidata",
        "date_basis": "inception",
        "date_source_name": "Wikidata",
        "date_source_url": "https://www.wikidata.org/wiki/Q1102245",
        "date_sources": [
          {
            "name": "Wikidata",
            "url": "https://www.wikidata.org/wiki/Q1102245",
            "source_id": "Q1102245"
          }
        ],
        "historical_phases": [],
        "coordinate_source": "wikidata",
        "hero_image": "https://upload.wikimedia.org/wikipedia/commons/thumb/6/63/SienaSanGiorgio3.jpg/1920px-SienaSanGiorgio3.jpg",
        "hero_filename": "SienaSanGiorgio3.jpg",
        "hero_description_url": "https://commons.wikimedia.org/wiki/File:SienaSanGiorgio3.jpg",
        "hero_artist": "LigaDue",
        "hero_license_name": "CC BY-SA 4.0",
        "hero_license_url": "https://creativecommons.org/licenses/by-sa/4.0",
        "website": null,
        "wikidata_url": "https://www.wikidata.org/wiki/Q1102245",
        "osm_url": "https://www.openstreetmap.org/way/1184135752"
      }
    },
    {
      "type": "Feature",
      "id": "Q1102250",
      "geometry": {
        "type": "Point",
        "coordinates": [
          11.33138889,
          43.31444444
        ]
      },
      "properties": {
        "id": "Q1102250",
        "slug": "chiesa-di-sant-agostino-q1102250",
        "name": "chiesa di Sant'Agostino",
        "church_type": "church",
        "region": "Tuscany",
        "historic_scope": "historic",
        "date_display": "1258",
        "date_kind": "year",
        "start_year": 1258,
        "end_year": 1258,
        "date_source": "wikidata",
        "date_basis": "inception",
        "date_source_name": "Wikidata",
        "date_source_url": "https://www.wikidata.org/wiki/Q1102250",
        "date_sources": [
          {
            "name": "Wikidata",
            "url": "https://www.wikidata.org/wiki/Q1102250",
            "source_id": "Q1102250"
          }
        ],
        "historical_phases": [],
        "coordinate_source": "wikidata",
        "hero_image": "https://upload.wikimedia.org/wikipedia/commons/thumb/e/ee/SantAgostinoSiena2.JPG/1920px-SantAgostinoSiena2.JPG",
        "hero_filename": "SantAgostinoSiena2.JPG",
        "hero_description_url": "https://commons.wikimedia.org/wiki/File:SantAgostinoSiena2.JPG",
        "hero_artist": "LigaDue",
        "hero_license_name": "CC BY 3.0",
        "hero_license_url": "https://creativecommons.org/licenses/by/3.0",
        "website": "https://www.viaesiena.it/it/mendicanti/itinerario_o/chiesa-sant-agostino",
        "wikidata_url": "https://www.wikidata.org/wiki/Q1102250",
        "osm_url": "https://www.openstreetmap.org/way/1189435410"
      }
    },
    {
      "type": "Feature",
      "id": "Q1102884",
      "geometry": {
        "type": "Point",
        "coordinates": [
          10.39967,
          43.71954
        ]
      },
      "properties": {
        "id": "Q1102884",
        "slug": "chiesa-di-san-rocco-q1102884",
        "name": "chiesa di San Rocco",
        "church_type": "church",
        "region": "Tuscany",
        "historic_scope": "historic",
        "date_display": "1634",
        "date_kind": "year",
        "start_year": 1634,
        "end_year": 1634,
        "date_source": "wikidata",
        "date_basis": "inception",
        "date_source_name": "Wikidata",
        "date_source_url": "https://www.wikidata.org/wiki/Q1102884",
        "date_sources": [
          {
            "name": "Wikidata",
            "url": "https://www.wikidata.org/wiki/Q1102884",
            "source_id": "Q1102884"
          }
        ],
        "historical_phases": [],
        "coordinate_source": "wikidata",
        "hero_image": "https://upload.wikimedia.org/wikipedia/commons/thumb/1/16/San_Rocco_Pisa.jpg/1920px-San_Rocco_Pisa.jpg",
        "hero_filename": "San Rocco Pisa.jpg",
        "hero_description_url": "https://commons.wikimedia.org/wiki/File:San_Rocco_Pisa.jpg",
        "hero_artist": "Lucarelli",
        "hero_license_name": "Public domain",
        "hero_license_url": null,
        "website": null,
        "wikidata_url": "https://www.wikidata.org/wiki/Q1102884",
        "osm_url": "https://www.openstreetmap.org/way/668631812"
      }
    },
    {
      "type": "Feature",
      "id": "Q1109516",
      "geometry": {
        "type": "Point",
        "coordinates": [
          10.306774,
          43.552016
        ]
      },
      "properties": {
        "id": "Q1109516",
        "slug": "chiesa-di-san-giovanni-battista-q1109516",
        "name": "chiesa di San Giovanni Battista",
        "church_type": "church",
        "region": "Tuscany",
        "historic_scope": "historic",
        "date_display": "1624",
        "date_kind": "year",
        "start_year": 1624,
        "end_year": 1624,
        "date_source": "wikidata",
        "date_basis": "inception",
        "date_source_name": "Wikidata",
        "date_source_url": "https://www.wikidata.org/wiki/Q1109516",
        "date_sources": [
          {
            "name": "Wikidata",
            "url": "https://www.wikidata.org/wiki/Q1109516",
            "source_id": "Q1109516"
          }
        ],
        "historical_phases": [],
        "coordinate_source": "wikidata",
        "hero_image": "https://upload.wikimedia.org/wikipedia/commons/thumb/4/47/Chiesa_San_Giovanni_Battista%2C_Livorno.jpg/1920px-Chiesa_San_Giovanni_Battista%2C_Livorno.jpg",
        "hero_filename": "Chiesa San Giovanni Battista, Livorno.jpg",
        "hero_description_url": "https://commons.wikimedia.org/wiki/File:Chiesa_San_Giovanni_Battista,_Livorno.jpg",
        "hero_artist": "Lucarelli",
        "hero_license_name": "CC BY-SA 3.0",
        "hero_license_url": "https://creativecommons.org/licenses/by-sa/3.0",
        "website": null,
        "wikidata_url": "https://www.wikidata.org/wiki/Q1109516",
        "osm_url": "https://www.openstreetmap.org/way/76654897"
      }
    },
    {
      "type": "Feature",
      "id": "Q111191245",
      "geometry": {
        "type": "Point",
        "coordinates": [
          10.921056,
          43.931722
        ]
      },
      "properties": {
        "id": "Q111191245",
        "slug": "chiesa-di-san-giovanni-decollato-q111191245",
        "name": "chiesa di San Giovanni Decollato",
        "church_type": "church",
        "region": "Tuscany",
        "historic_scope": "historic",
        "date_display": "1337",
        "date_kind": "year",
        "start_year": 1337,
        "end_year": 1337,
        "date_source": "wikidata",
        "date_basis": "inception",
        "date_source_name": "Wikidata",
        "date_source_url": "https://www.wikidata.org/wiki/Q111191245",
        "date_sources": [
          {
            "name": "Wikidata",
            "url": "https://www.wikidata.org/wiki/Q111191245",
            "source_id": "Q111191245"
          }
        ],
        "historical_phases": [],
        "coordinate_source": "wikidata",
        "hero_image": "https://upload.wikimedia.org/wikipedia/commons/thumb/3/38/Pistoia_-_Chiesa_di_San_Giovanni_Decollato_-_2023-09-28_13-30-10_001.jpg/1920px-Pistoia_-_Chiesa_di_San_Giovanni_Decollato_-_2023-09-28_13-30-10_001.jpg",
        "hero_filename": "Pistoia - Chiesa di San Giovanni Decollato - 2023-09-28 13-30-10 001.jpg",
        "hero_description_url": "https://commons.wikimedia.org/wiki/File:Pistoia_-_Chiesa_di_San_Giovanni_Decollato_-_2023-09-28_13-30-10_001.jpg",
        "hero_artist": "Filippobasetti",
        "hero_license_name": "CC BY-SA 4.0",
        "hero_license_url": "https://creativecommons.org/licenses/by-sa/4.0",
        "website": null,
        "wikidata_url": "https://www.wikidata.org/wiki/Q111191245",
        "osm_url": null
      }
    },
    {
      "type": "Feature",
      "id": "Q111525622",
      "geometry": {
        "type": "Point",
        "coordinates": [
          14.69491,
          41.69279
        ]
      },
      "properties": {
        "id": "Q111525622",
        "slug": "chiesa-di-san-giorgio-q111525622",
        "name": "chiesa di San Giorgio",
        "church_type": "church",
        "region": "Molise",
        "historic_scope": "historic",
        "date_display": "1100",
        "date_kind": "year",
        "start_year": 1100,
        "end_year": 1100,
        "date_source": "wikidata",
        "date_basis": "inception",
        "date_source_name": "Wikidata",
        "date_source_url": "https://www.wikidata.org/wiki/Q111525622",
        "date_sources": [
          {
            "name": "Wikidata",
            "url": "https://www.wikidata.org/wiki/Q111525622",
            "source_id": "Q111525622"
          }
        ],
        "historical_phases": [],
        "coordinate_source": "wikidata",
        "hero_image": null,
        "hero_filename": null,
        "hero_description_url": null,
        "hero_artist": null,
        "hero_license_name": null,
        "hero_license_url": null,
        "website": null,
        "wikidata_url": "https://www.wikidata.org/wiki/Q111525622",
        "osm_url": "https://www.openstreetmap.org/way/864198740"
      }
    },
    {
      "type": "Feature",
      "id": "Q1117930",
      "geometry": {
        "type": "Point",
        "coordinates": [
          11.25399,
          43.77784
        ]
      },
      "properties": {
        "id": "Q1117930",
        "slug": "chiesa-di-san-barnaba-q1117930",
        "name": "chiesa di San Barnaba",
        "church_type": "church",
        "region": "Tuscany",
        "historic_scope": "historic",
        "date_display": "15th century",
        "date_kind": "century",
        "start_year": 1401,
        "end_year": 1500,
        "date_source": "wikidata",
        "date_basis": "inception",
        "date_source_name": "Wikidata",
        "date_source_url": "https://www.wikidata.org/wiki/Q1117930",
        "date_sources": [
          {
            "name": "Wikidata",
            "url": "https://www.wikidata.org/wiki/Q1117930",
            "source_id": "Q1117930"
          }
        ],
        "historical_phases": [],
        "coordinate_source": "wikidata",
        "hero_image": "https://upload.wikimedia.org/wikipedia/commons/c/c5/Firenze_-_chiesa_di_San_Barnaba_-_facciata.jpg",
        "hero_filename": "Firenze - chiesa di San Barnaba - facciata.jpg",
        "hero_description_url": "https://commons.wikimedia.org/wiki/File:Firenze_-_chiesa_di_San_Barnaba_-_facciata.jpg",
        "hero_artist": "Sailko",
        "hero_license_name": "CC BY-SA 3.0",
        "hero_license_url": "http://creativecommons.org/licenses/by-sa/3.0/",
        "website": null,
        "wikidata_url": "https://www.wikidata.org/wiki/Q1117930",
        "osm_url": "https://www.openstreetmap.org/way/306395974"
      }
    },
    {
      "type": "Feature",
      "id": "Q1121100",
      "geometry": {
        "type": "Point",
        "coordinates": [
          11.26532,
          43.78648
        ]
      },
      "properties": {
        "id": "Q1121100",
        "slug": "chiesa-della-madonna-della-tosse-q1121100",
        "name": "chiesa della Madonna della Tosse",
        "church_type": "church",
        "region": "Tuscany",
        "historic_scope": "historic",
        "date_display": "1603",
        "date_kind": "year",
        "start_year": 1603,
        "end_year": 1603,
        "date_source": "wikidata",
        "date_basis": "inception",
        "date_source_name": "Wikidata",
        "date_source_url": "https://www.wikidata.org/wiki/Q1121100",
        "date_sources": [
          {
            "name": "Wikidata",
            "url": "https://www.wikidata.org/wiki/Q1121100",
            "source_id": "Q1121100"
          }
        ],
        "historical_phases": [],
        "coordinate_source": "wikidata",
        "hero_image": "https://upload.wikimedia.org/wikipedia/commons/4/45/Santa_maria_della_tosse_02.JPG",
        "hero_filename": "Santa maria della tosse 02.JPG",
        "hero_description_url": "https://commons.wikimedia.org/wiki/File:Santa_maria_della_tosse_02.JPG",
        "hero_artist": "sailko",
        "hero_license_name": "CC BY 2.5",
        "hero_license_url": "https://creativecommons.org/licenses/by/2.5",
        "website": null,
        "wikidata_url": "https://www.wikidata.org/wiki/Q1121100",
        "osm_url": "https://www.openstreetmap.org/way/306368616"
      }
    },
    {
      "type": "Feature",
      "id": "Q1121868",
      "geometry": {
        "type": "Point",
        "coordinates": [
          10.39972222,
          43.71111111
        ]
      },
      "properties": {
        "id": "Q1121868",
        "slug": "chiesa-di-san-domenico-q1121868",
        "name": "chiesa di San Domenico",
        "church_type": "church",
        "region": "Tuscany",
        "historic_scope": "historic",
        "date_display": "1385",
        "date_kind": "year",
        "start_year": 1385,
        "end_year": 1385,
        "date_source": "wikidata",
        "date_basis": "inception",
        "date_source_name": "Wikidata",
        "date_source_url": "https://www.wikidata.org/wiki/Q1121868",
        "date_sources": [
          {
            "name": "Wikidata",
            "url": "https://www.wikidata.org/wiki/Q1121868",
            "source_id": "Q1121868"
          }
        ],
        "historical_phases": [],
        "coordinate_source": "wikidata",
        "hero_image": "https://upload.wikimedia.org/wikipedia/commons/4/48/Chiesa_di_san_domenico_%28pisa%29%2C_esterno.JPG",
        "hero_filename": "Chiesa di san domenico (pisa), esterno.JPG",
        "hero_description_url": "https://commons.wikimedia.org/wiki/File:Chiesa_di_san_domenico_(pisa),_esterno.JPG",
        "hero_artist": "sailko",
        "hero_license_name": "CC BY 2.5",
        "hero_license_url": "https://creativecommons.org/licenses/by/2.5",
        "website": null,
        "wikidata_url": "https://www.wikidata.org/wiki/Q1121868",
        "osm_url": "https://www.openstreetmap.org/way/232480572"
      }
    },
    {
      "type": "Feature",
      "id": "Q112798284",
      "geometry": {
        "type": "Point",
        "coordinates": [
          10.310312,
          43.550005
        ]
      },
      "properties": {
        "id": "Q112798284",
        "slug": "oratorio-di-san-ranieri-q112798284",
        "name": "Oratorio di San Ranieri",
        "church_type": "church",
        "region": "Tuscany",
        "historic_scope": "historic",
        "date_display": "1696",
        "date_kind": "year",
        "start_year": 1696,
        "end_year": 1696,
        "date_source": "wikidata",
        "date_basis": "inception",
        "date_source_name": "Wikidata",
        "date_source_url": "https://www.wikidata.org/wiki/Q112798284",
        "date_sources": [
          {
            "name": "Wikidata",
            "url": "https://www.wikidata.org/wiki/Q112798284",
            "source_id": "Q112798284"
          }
        ],
        "historical_phases": [],
        "coordinate_source": "wikidata",
        "hero_image": null,
        "hero_filename": null,
        "hero_description_url": null,
        "hero_artist": null,
        "hero_license_name": null,
        "hero_license_url": null,
        "website": null,
        "wikidata_url": "https://www.wikidata.org/wiki/Q112798284",
        "osm_url": "https://www.openstreetmap.org/way/1310990450"
      }
    },
    {
      "type": "Feature",
      "id": "Q1152774",
      "geometry": {
        "type": "Point",
        "coordinates": [
          11.259061111111,
          43.778316666667
        ]
      },
      "properties": {
        "id": "Q1152774",
        "slug": "basilica-di-san-marco-q1152774",
        "name": "basilica di San Marco",
        "church_type": "basilica",
        "region": "Tuscany",
        "historic_scope": "historic",
        "date_display": "15th century",
        "date_kind": "century",
        "start_year": 1401,
        "end_year": 1500,
        "date_source": "wikidata",
        "date_basis": "inception",
        "date_source_name": "Wikidata",
        "date_source_url": "https://www.wikidata.org/wiki/Q1152774",
        "date_sources": [
          {
            "name": "Wikidata",
            "url": "https://www.wikidata.org/wiki/Q1152774",
            "source_id": "Q1152774"
          }
        ],
        "historical_phases": [],
        "coordinate_source": "wikidata",
        "hero_image": "https://upload.wikimedia.org/wikipedia/commons/thumb/9/9c/San_Marco_%28Florence%29_%2721.jpg/1920px-San_Marco_%28Florence%29_%2721.jpg",
        "hero_filename": "San Marco (Florence) '21.jpg",
        "hero_description_url": "https://commons.wikimedia.org/wiki/File:San_Marco_(Florence)_%2721.jpg",
        "hero_artist": "Ricardalovesmonuments",
        "hero_license_name": "CC BY-SA 4.0",
        "hero_license_url": "https://creativecommons.org/licenses/by-sa/4.0",
        "website": null,
        "wikidata_url": "https://www.wikidata.org/wiki/Q1152774",
        "osm_url": "https://www.openstreetmap.org/way/225706552"
      }
    },
    {
      "type": "Feature",
      "id": "Q118352736",
      "geometry": {
        "type": "Point",
        "coordinates": [
          14.688806,
          41.730139
        ]
      },
      "properties": {
        "id": "Q118352736",
        "slug": "chiesa-di-san-rocco-q118352736",
        "name": "chiesa di San Rocco",
        "church_type": "church",
        "region": "Molise",
        "historic_scope": "historic",
        "date_display": "16th century",
        "date_kind": "century",
        "start_year": 1501,
        "end_year": 1600,
        "date_source": "beweb",
        "date_basis": "construction",
        "date_source_name": "BeWeb",
        "date_source_url": "https://www.beweb.chiesacattolica.it/edificidiculto/edificio/26605/",
        "date_sources": [
          {
            "name": "BeWeb",
            "url": "https://www.beweb.chiesacattolica.it/edificidiculto/edificio/26605/",
            "source_id": "26605"
          }
        ],
        "historical_phases": [
          {
            "evidence_type": "construction",
            "period": {
              "kind": "century",
              "start_year": 1501,
              "end_year": 1600,
              "display": "16th century"
            },
            "period_raw": "XVI",
            "building_part": "intero bene",
            "source_name": "BeWeb",
            "source_url": "https://www.beweb.chiesacattolica.it/edificidiculto/edificio/26605/"
          },
          {
            "evidence_type": "restoration",
            "period": {
              "kind": "year",
              "start_year": 1702,
              "end_year": 1702,
              "display": "1702"
            },
            "period_raw": "1702",
            "building_part": "intero bene",
            "source_name": "BeWeb",
            "source_url": "https://www.beweb.chiesacattolica.it/edificidiculto/edificio/26605/"
          }
        ],
        "coordinate_source": "wikidata",
        "hero_image": null,
        "hero_filename": null,
        "hero_description_url": null,
        "hero_artist": null,
        "hero_license_name": null,
        "hero_license_url": null,
        "website": null,
        "wikidata_url": "https://www.wikidata.org/wiki/Q118352736",
        "osm_url": null
      }
    },
    {
      "type": "Feature",
      "id": "Q118352737",
      "geometry": {
        "type": "Point",
        "coordinates": [
          14.733383,
          41.761917
        ]
      },
      "properties": {
        "id": "Q118352737",
        "slug": "chiesa-di-san-nicola-di-bari-q118352737",
        "name": "chiesa di San Nicola di Bari",
        "church_type": "church",
        "region": "Molise",
        "historic_scope": "historic",
        "date_display": "11th century",
        "date_kind": "century",
        "start_year": 1001,
        "end_year": 1100,
        "date_source": "beweb",
        "date_basis": "origin",
        "date_source_name": "BeWeb",
        "date_source_url": "https://www.beweb.chiesacattolica.it/edificidiculto/edificio/26608/",
        "date_sources": [
          {
            "name": "BeWeb",
            "url": "https://www.beweb.chiesacattolica.it/edificidiculto/edificio/26608/",
            "source_id": "26608"
          }
        ],
        "historical_phases": [
          {
            "evidence_type": "origin",
            "period": {
              "kind": "century",
              "start_year": 1001,
              "end_year": 1100,
              "display": "11th century"
            },
            "period_raw": "XI",
            "building_part": "intero bene",
            "source_name": "BeWeb",
            "source_url": "https://www.beweb.chiesacattolica.it/edificidiculto/edificio/26608/"
          },
          {
            "evidence_type": "other",
            "period": {
              "kind": "year",
              "start_year": 1582,
              "end_year": 1582,
              "display": "1582"
            },
            "period_raw": "1582",
            "building_part": "carattere generale",
            "source_name": "BeWeb",
            "source_url": "https://www.beweb.chiesacattolica.it/edificidiculto/edificio/26608/"
          },
          {
            "evidence_type": "restoration",
            "period": {
              "kind": "century",
              "start_year": 1901,
              "end_year": 2000,
              "display": "20th century"
            },
            "period_raw": "XX",
            "building_part": "intero bene",
            "source_name": "BeWeb",
            "source_url": "https://www.beweb.chiesacattolica.it/edificidiculto/edificio/26608/"
          }
        ],
        "coordinate_source": "wikidata",
        "hero_image": null,
        "hero_filename": null,
        "hero_description_url": null,
        "hero_artist": null,
        "hero_license_name": null,
        "hero_license_url": null,
        "website": null,
        "wikidata_url": "https://www.wikidata.org/wiki/Q118352737",
        "osm_url": null
      }
    },
    {
      "type": "Feature",
      "id": "Q118352761",
      "geometry": {
        "type": "Point",
        "coordinates": [
          14.836722,
          41.903222
        ]
      },
      "properties": {
        "id": "Q118352761",
        "slug": "chiesa-di-san-giorgio-martire-q118352761",
        "name": "chiesa di San Giorgio Martire",
        "church_type": "church",
        "region": "Molise",
        "historic_scope": "historic",
        "date_display": "1618",
        "date_kind": "year",
        "start_year": 1618,
        "end_year": 1618,
        "date_source": "beweb",
        "date_basis": "documentary_attestation",
        "date_source_name": "BeWeb",
        "date_source_url": "https://www.beweb.chiesacattolica.it/edificidiculto/edificio/26610/",
        "date_sources": [
          {
            "name": "BeWeb",
            "url": "https://www.beweb.chiesacattolica.it/edificidiculto/edificio/26610/",
            "source_id": "26610"
          }
        ],
        "historical_phases": [
          {
            "evidence_type": "documentary_attestation",
            "period": {
              "kind": "year",
              "start_year": 1618,
              "end_year": 1618,
              "display": "1618"
            },
            "period_raw": "1618",
            "building_part": "intero bene",
            "source_name": "BeWeb",
            "source_url": "https://www.beweb.chiesacattolica.it/edificidiculto/edificio/26610/"
          },
          {
            "evidence_type": "other",
            "period": {
              "kind": "year",
              "start_year": 1755,
              "end_year": 1755,
              "display": "1755"
            },
            "period_raw": "1755",
            "building_part": "intero bene",
            "source_name": "BeWeb",
            "source_url": "https://www.beweb.chiesacattolica.it/edificidiculto/edificio/26610/"
          },
          {
            "evidence_type": "reconstruction",
            "period": {
              "kind": "year",
              "start_year": 1861,
              "end_year": 1861,
              "display": "1861"
            },
            "period_raw": "1861",
            "building_part": "intero bene",
            "source_name": "BeWeb",
            "source_url": "https://www.beweb.chiesacattolica.it/edificidiculto/edificio/26610/"
          },
          {
            "evidence_type": "other",
            "period": {
              "kind": "year_range",
              "start_year": 1968,
              "end_year": 1975,
              "display": "1968–1975"
            },
            "period_raw": "1968 ‐ 1975",
            "building_part": "intero bene",
            "source_name": "BeWeb",
            "source_url": "https://www.beweb.chiesacattolica.it/edificidiculto/edificio/26610/"
          }
        ],
        "coordinate_source": "wikidata",
        "hero_image": null,
        "hero_filename": null,
        "hero_description_url": null,
        "hero_artist": null,
        "hero_license_name": null,
        "hero_license_url": null,
        "website": null,
        "wikidata_url": "https://www.wikidata.org/wiki/Q118352761",
        "osm_url": null
      }
    },
    {
      "type": "Feature",
      "id": "Q118352770",
      "geometry": {
        "type": "Point",
        "coordinates": [
          14.932639,
          41.760583
        ]
      },
      "properties": {
        "id": "Q118352770",
        "slug": "chiesa-di-santa-maria-del-carmine-q118352770",
        "name": "chiesa di Santa Maria del Carmine",
        "church_type": "church",
        "region": "Molise",
        "historic_scope": "historic",
        "date_display": "18th–19th century",
        "date_kind": "century_range",
        "start_year": 1701,
        "end_year": 1900,
        "date_source": "beweb",
        "date_basis": "construction",
        "date_source_name": "BeWeb",
        "date_source_url": "https://www.beweb.chiesacattolica.it/edificidiculto/edificio/26620/",
        "date_sources": [
          {
            "name": "BeWeb",
            "url": "https://www.beweb.chiesacattolica.it/edificidiculto/edificio/26620/",
            "source_id": "26620"
          }
        ],
        "historical_phases": [
          {
            "evidence_type": "construction",
            "period": {
              "kind": "century_range",
              "start_year": 1701,
              "end_year": 1900,
              "display": "18th–19th century"
            },
            "period_raw": "XVIII ‐ XIX",
            "building_part": "intero bene",
            "source_name": "BeWeb",
            "source_url": "https://www.beweb.chiesacattolica.it/edificidiculto/edificio/26620/"
          }
        ],
        "coordinate_source": "wikidata",
        "hero_image": null,
        "hero_filename": null,
        "hero_description_url": null,
        "hero_artist": null,
        "hero_license_name": null,
        "hero_license_url": null,
        "website": null,
        "wikidata_url": "https://www.wikidata.org/wiki/Q118352770",
        "osm_url": null
      }
    },
    {
      "type": "Feature",
      "id": "Q118352775",
      "geometry": {
        "type": "Point",
        "coordinates": [
          14.776694,
          41.712639
        ]
      },
      "properties": {
        "id": "Q118352775",
        "slug": "chiesa-di-santa-maria-maggiore-q118352775",
        "name": "chiesa di Santa Maria Maggiore",
        "church_type": "church",
        "region": "Molise",
        "historic_scope": "historic",
        "date_display": "1720–1730",
        "date_kind": "year_range",
        "start_year": 1720,
        "end_year": 1730,
        "date_source": "beweb",
        "date_basis": "construction",
        "date_source_name": "BeWeb",
        "date_source_url": "https://www.beweb.chiesacattolica.it/edificidiculto/edificio/26621/",
        "date_sources": [
          {
            "name": "BeWeb",
            "url": "https://www.beweb.chiesacattolica.it/edificidiculto/edificio/26621/",
            "source_id": "26621"
          }
        ],
        "historical_phases": [
          {
            "evidence_type": "construction",
            "period": {
              "kind": "year_range",
              "start_year": 1720,
              "end_year": 1730,
              "display": "1720–1730"
            },
            "period_raw": "1720 ‐ 1730",
            "building_part": "intero bene",
            "source_name": "BeWeb",
            "source_url": "https://www.beweb.chiesacattolica.it/edificidiculto/edificio/26621/"
          },
          {
            "evidence_type": "restoration",
            "period": {
              "kind": "year",
              "start_year": 2019,
              "end_year": 2019,
              "display": "2019"
            },
            "period_raw": "2019",
            "building_part": "intero bene",
            "source_name": "BeWeb",
            "source_url": "https://www.beweb.chiesacattolica.it/edificidiculto/edificio/26621/"
          }
        ],
        "coordinate_source": "wikidata",
        "hero_image": null,
        "hero_filename": null,
        "hero_description_url": null,
        "hero_artist": null,
        "hero_license_name": null,
        "hero_license_url": null,
        "website": null,
        "wikidata_url": "https://www.wikidata.org/wiki/Q118352775",
        "osm_url": null
      }
    },
    {
      "type": "Feature",
      "id": "Q118352790",
      "geometry": {
        "type": "Point",
        "coordinates": [
          15.007078,
          41.914806
        ]
      },
      "properties": {
        "id": "Q118352790",
        "slug": "chiesa-della-madonna-del-carmine-q118352790",
        "name": "chiesa della Madonna del Carmine",
        "church_type": "church",
        "region": "Molise",
        "historic_scope": "historic",
        "date_display": "1635",
        "date_kind": "year",
        "start_year": 1635,
        "end_year": 1635,
        "date_source": "beweb",
        "date_basis": "construction",
        "date_source_name": "BeWeb",
        "date_source_url": "https://www.beweb.chiesacattolica.it/edificidiculto/edificio/26634/",
        "date_sources": [
          {
            "name": "BeWeb",
            "url": "https://www.beweb.chiesacattolica.it/edificidiculto/edificio/26634/",
            "source_id": "26634"
          }
        ],
        "historical_phases": [
          {
            "evidence_type": "construction",
            "period": {
              "kind": "year",
              "start_year": 1635,
              "end_year": 1635,
              "display": "1635"
            },
            "period_raw": "1635",
            "building_part": "intero bene",
            "source_name": "BeWeb",
            "source_url": "https://www.beweb.chiesacattolica.it/edificidiculto/edificio/26634/"
          }
        ],
        "coordinate_source": "wikidata",
        "hero_image": null,
        "hero_filename": null,
        "hero_description_url": null,
        "hero_artist": null,
        "hero_license_name": null,
        "hero_license_url": null,
        "website": null,
        "wikidata_url": "https://www.wikidata.org/wiki/Q118352790",
        "osm_url": null
      }
    },
    {
      "type": "Feature",
      "id": "Q118352796",
      "geometry": {
        "type": "Point",
        "coordinates": [
          14.822167,
          41.689639
        ]
      },
      "properties": {
        "id": "Q118352796",
        "slug": "chiesa-di-san-michele-q118352796",
        "name": "chiesa di San Michele",
        "church_type": "church",
        "region": "Molise",
        "historic_scope": "historic",
        "date_display": "1733",
        "date_kind": "year",
        "start_year": 1733,
        "end_year": 1733,
        "date_source": "beweb",
        "date_basis": "construction",
        "date_source_name": "BeWeb",
        "date_source_url": "https://www.beweb.chiesacattolica.it/edificidiculto/edificio/26639/",
        "date_sources": [
          {
            "name": "BeWeb",
            "url": "https://www.beweb.chiesacattolica.it/edificidiculto/edificio/26639/",
            "source_id": "26639"
          }
        ],
        "historical_phases": [
          {
            "evidence_type": "construction",
            "period": {
              "kind": "year",
              "start_year": 1733,
              "end_year": 1733,
              "display": "1733"
            },
            "period_raw": "1733",
            "building_part": "intero bene",
            "source_name": "BeWeb",
            "source_url": "https://www.beweb.chiesacattolica.it/edificidiculto/edificio/26639/"
          }
        ],
        "coordinate_source": "wikidata",
        "hero_image": null,
        "hero_filename": null,
        "hero_description_url": null,
        "hero_artist": null,
        "hero_license_name": null,
        "hero_license_url": null,
        "website": null,
        "wikidata_url": "https://www.wikidata.org/wiki/Q118352796",
        "osm_url": null
      }
    },
    {
      "type": "Feature",
      "id": "Q118352803",
      "geometry": {
        "type": "Point",
        "coordinates": [
          15.004056,
          41.749861
        ]
      },
      "properties": {
        "id": "Q118352803",
        "slug": "chiesa-di-santa-maria-degli-angeli-q118352803",
        "name": "chiesa di Santa Maria degli Angeli",
        "church_type": "church",
        "region": "Molise",
        "historic_scope": "historic",
        "date_display": "1728–1744",
        "date_kind": "year_range",
        "start_year": 1728,
        "end_year": 1744,
        "date_source": "beweb",
        "date_basis": "construction",
        "date_source_name": "BeWeb",
        "date_source_url": "https://www.beweb.chiesacattolica.it/edificidiculto/edificio/26641/",
        "date_sources": [
          {
            "name": "BeWeb",
            "url": "https://www.beweb.chiesacattolica.it/edificidiculto/edificio/26641/",
            "source_id": "26641"
          }
        ],
        "historical_phases": [
          {
            "evidence_type": "construction",
            "period": {
              "kind": "year_range",
              "start_year": 1728,
              "end_year": 1744,
              "display": "1728–1744"
            },
            "period_raw": "1728 ‐ 1744",
            "building_part": "intero bene",
            "source_name": "BeWeb",
            "source_url": "https://www.beweb.chiesacattolica.it/edificidiculto/edificio/26641/"
          },
          {
            "evidence_type": "restoration",
            "period": {
              "kind": "year",
              "start_year": 1888,
              "end_year": 1888,
              "display": "1888"
            },
            "period_raw": "1888",
            "building_part": "intero bene",
            "source_name": "BeWeb",
            "source_url": "https://www.beweb.chiesacattolica.it/edificidiculto/edificio/26641/"
          }
        ],
        "coordinate_source": "wikidata",
        "hero_image": null,
        "hero_filename": null,
        "hero_description_url": null,
        "hero_artist": null,
        "hero_license_name": null,
        "hero_license_url": null,
        "website": null,
        "wikidata_url": "https://www.wikidata.org/wiki/Q118352803",
        "osm_url": "https://www.openstreetmap.org/way/267586779"
      }
    },
    {
      "type": "Feature",
      "id": "Q118352824",
      "geometry": {
        "type": "Point",
        "coordinates": [
          14.990222,
          41.710778
        ]
      },
      "properties": {
        "id": "Q118352824",
        "slug": "chiesa-di-san-giacomo-q118352824",
        "name": "chiesa di San Giacomo",
        "church_type": "church",
        "region": "Molise",
        "historic_scope": "historic",
        "date_display": "1727",
        "date_kind": "year",
        "start_year": 1727,
        "end_year": 1727,
        "date_source": "beweb",
        "date_basis": "construction",
        "date_source_name": "BeWeb",
        "date_source_url": "https://www.beweb.chiesacattolica.it/edificidiculto/edificio/26653/",
        "date_sources": [
          {
            "name": "BeWeb",
            "url": "https://www.beweb.chiesacattolica.it/edificidiculto/edificio/26653/",
            "source_id": "26653"
          }
        ],
        "historical_phases": [
          {
            "evidence_type": "construction",
            "period": {
              "kind": "year",
              "start_year": 1727,
              "end_year": 1727,
              "display": "1727"
            },
            "period_raw": "1727",
            "building_part": "intero bene",
            "source_name": "BeWeb",
            "source_url": "https://www.beweb.chiesacattolica.it/edificidiculto/edificio/26653/"
          },
          {
            "evidence_type": "construction",
            "period": {
              "kind": "year",
              "start_year": 1875,
              "end_year": 1875,
              "display": "1875"
            },
            "period_raw": "1875",
            "building_part": "campanile",
            "source_name": "BeWeb",
            "source_url": "https://www.beweb.chiesacattolica.it/edificidiculto/edificio/26653/"
          },
          {
            "evidence_type": "restoration",
            "period": {
              "kind": "year_range",
              "start_year": 2002,
              "end_year": 2012,
              "display": "2002–2012"
            },
            "period_raw": "2002 ‐ 2012",
            "building_part": "intero bene",
            "source_name": "BeWeb",
            "source_url": "https://www.beweb.chiesacattolica.it/edificidiculto/edificio/26653/"
          }
        ],
        "coordinate_source": "wikidata",
        "hero_image": null,
        "hero_filename": null,
        "hero_description_url": null,
        "hero_artist": null,
        "hero_license_name": null,
        "hero_license_url": null,
        "website": null,
        "wikidata_url": "https://www.wikidata.org/wiki/Q118352824",
        "osm_url": "https://www.openstreetmap.org/way/327333972"
      }
    },
    {
      "type": "Feature",
      "id": "Q118352878",
      "geometry": {
        "type": "Point",
        "coordinates": [
          15.010647,
          41.815028
        ]
      },
      "properties": {
        "id": "Q118352878",
        "slug": "chiesa-di-santa-maria-delle-grazie-q118352878",
        "name": "chiesa di Santa Maria delle Grazie",
        "church_type": "church",
        "region": "Molise",
        "historic_scope": "historic",
        "date_display": "1718",
        "date_kind": "year",
        "start_year": 1718,
        "end_year": 1718,
        "date_source": "beweb",
        "date_basis": "construction",
        "date_source_name": "BeWeb",
        "date_source_url": "https://www.beweb.chiesacattolica.it/edificidiculto/edificio/26670/",
        "date_sources": [
          {
            "name": "BeWeb",
            "url": "https://www.beweb.chiesacattolica.it/edificidiculto/edificio/26670/",
            "source_id": "26670"
          }
        ],
        "historical_phases": [
          {
            "evidence_type": "other",
            "period": {
              "kind": "year",
              "start_year": 1540,
              "end_year": 1540,
              "display": "1540"
            },
            "period_raw": "1540",
            "building_part": "carattere generale",
            "source_name": "BeWeb",
            "source_url": "https://www.beweb.chiesacattolica.it/edificidiculto/edificio/26670/"
          },
          {
            "evidence_type": "construction",
            "period": {
              "kind": "year",
              "start_year": 1718,
              "end_year": 1718,
              "display": "1718"
            },
            "period_raw": "1718",
            "building_part": "intero bene",
            "source_name": "BeWeb",
            "source_url": "https://www.beweb.chiesacattolica.it/edificidiculto/edificio/26670/"
          },
          {
            "evidence_type": "other",
            "period": {
              "kind": "year_range",
              "start_year": 1730,
              "end_year": 1731,
              "display": "1730–1731"
            },
            "period_raw": "1730 ‐ 1731",
            "building_part": "intero bene",
            "source_name": "BeWeb",
            "source_url": "https://www.beweb.chiesacattolica.it/edificidiculto/edificio/26670/"
          },
          {
            "evidence_type": "other",
            "period": {
              "kind": "year",
              "start_year": 1760,
              "end_year": 1760,
              "display": "1760"
            },
            "period_raw": "1760",
            "building_part": "intero bene",
            "source_name": "BeWeb",
            "source_url": "https://www.beweb.chiesacattolica.it/edificidiculto/edificio/26670/"
          },
          {
            "evidence_type": "reconstruction",
            "period": {
              "kind": "century_range",
              "start_year": 1801,
              "end_year": 2000,
              "display": "19th–20th century"
            },
            "period_raw": "XIX ‐ XX",
            "building_part": "intero bene",
            "source_name": "BeWeb",
            "source_url": "https://www.beweb.chiesacattolica.it/edificidiculto/edificio/26670/"
          },
          {
            "evidence_type": "restoration",
            "period": {
              "kind": "year_range",
              "start_year": 1969,
              "end_year": 1999,
              "display": "1969–1999"
            },
            "period_raw": "1969 ‐ 1999",
            "building_part": "intero bene",
            "source_name": "BeWeb",
            "source_url": "https://www.beweb.chiesacattolica.it/edificidiculto/edificio/26670/"
          },
          {
            "evidence_type": "other",
            "period": {
              "kind": "year",
              "start_year": 1999,
              "end_year": 1999,
              "display": "1999"
            },
            "period_raw": "1999",
            "building_part": "intero bene",
            "source_name": "BeWeb",
            "source_url": "https://www.beweb.chiesacattolica.it/edificidiculto/edificio/26670/"
          }
        ],
        "coordinate_source": "wikidata",
        "hero_image": "https://upload.wikimedia.org/wikipedia/commons/b/b4/Chiesa_di_Santa_Maria_delle_Grazie%2C_Ururi%2C_Molise.jpg?utm_source=commons.wikimedia.org&utm_campaign=imageinfo&utm_content=thumbnail_unscaled",
        "hero_filename": "Chiesa di Santa Maria delle Grazie, Ururi, Molise.jpg",
        "hero_description_url": "https://commons.wikimedia.org/wiki/File:Chiesa_di_Santa_Maria_delle_Grazie,_Ururi,_Molise.jpg",
        "hero_artist": "Ragazzo fortunato at Italian Wikipedia",
        "hero_license_name": "CC BY-SA 3.0",
        "hero_license_url": "http://creativecommons.org/licenses/by-sa/3.0/",
        "website": null,
        "wikidata_url": "https://www.wikidata.org/wiki/Q118352878",
        "osm_url": "https://www.openstreetmap.org/way/862515979"
      }
    },
    {
      "type": "Feature",
      "id": "Q118352933",
      "geometry": {
        "type": "Point",
        "coordinates": [
          14.111331,
          41.668056
        ]
      },
      "properties": {
        "id": "Q118352933",
        "slug": "chiesa-di-san-rocco-q118352933",
        "name": "chiesa di San Rocco",
        "church_type": "church",
        "region": "Molise",
        "historic_scope": "historic",
        "date_display": "1655",
        "date_kind": "year",
        "start_year": 1655,
        "end_year": 1655,
        "date_source": "beweb",
        "date_basis": "construction",
        "date_source_name": "BeWeb",
        "date_source_url": "https://www.beweb.chiesacattolica.it/edificidiculto/edificio/73046/",
        "date_sources": [
          {
            "name": "BeWeb",
            "url": "https://www.beweb.chiesacattolica.it/edificidiculto/edificio/73046/",
            "source_id": "73046"
          }
        ],
        "historical_phases": [
          {
            "evidence_type": "construction",
            "period": {
              "kind": "year",
              "start_year": 1655,
              "end_year": 1655,
              "display": "1655"
            },
            "period_raw": "1655",
            "building_part": "carattere generale",
            "source_name": "BeWeb",
            "source_url": "https://www.beweb.chiesacattolica.it/edificidiculto/edificio/73046/"
          },
          {
            "evidence_type": "reconstruction",
            "period": {
              "kind": "year",
              "start_year": 2021,
              "end_year": 2021,
              "display": "2021"
            },
            "period_raw": "2021",
            "building_part": "carattere generale",
            "source_name": "BeWeb",
            "source_url": "https://www.beweb.chiesacattolica.it/edificidiculto/edificio/73046/"
          }
        ],
        "coordinate_source": "wikidata",
        "hero_image": null,
        "hero_filename": null,
        "hero_description_url": null,
        "hero_artist": null,
        "hero_license_name": null,
        "hero_license_url": null,
        "website": null,
        "wikidata_url": "https://www.wikidata.org/wiki/Q118352933",
        "osm_url": null
      }
    },
    {
      "type": "Feature",
      "id": "Q118352987",
      "geometry": {
        "type": "Point",
        "coordinates": [
          14.22425,
          41.585494
        ]
      },
      "properties": {
        "id": "Q118352987",
        "slug": "chiesa-di-san-pietro-celestino-q118352987",
        "name": "chiesa di San Pietro Celestino",
        "church_type": "church",
        "region": "Molise",
        "historic_scope": "historic",
        "date_display": "17th century",
        "date_kind": "century",
        "start_year": 1601,
        "end_year": 1700,
        "date_source": "beweb",
        "date_basis": "construction",
        "date_source_name": "BeWeb",
        "date_source_url": "https://www.beweb.chiesacattolica.it/edificidiculto/edificio/73091/",
        "date_sources": [
          {
            "name": "BeWeb",
            "url": "https://www.beweb.chiesacattolica.it/edificidiculto/edificio/73091/",
            "source_id": "73091"
          }
        ],
        "historical_phases": [
          {
            "evidence_type": "construction",
            "period": {
              "kind": "century",
              "start_year": 1601,
              "end_year": 1700,
              "display": "17th century"
            },
            "period_raw": "XVII",
            "building_part": "carattere generale",
            "source_name": "BeWeb",
            "source_url": "https://www.beweb.chiesacattolica.it/edificidiculto/edificio/73091/"
          },
          {
            "evidence_type": "restoration",
            "period": {
              "kind": "year",
              "start_year": 2016,
              "end_year": 2016,
              "display": "2016"
            },
            "period_raw": "2016",
            "building_part": "carattere generale",
            "source_name": "BeWeb",
            "source_url": "https://www.beweb.chiesacattolica.it/edificidiculto/edificio/73091/"
          }
        ],
        "coordinate_source": "wikidata",
        "hero_image": "https://upload.wikimedia.org/wikipedia/commons/thumb/6/6d/Chiesa_San_Pietro_Celestino_%28Isernia%29.JPG/1920px-Chiesa_San_Pietro_Celestino_%28Isernia%29.JPG?utm_source=commons.wikimedia.org&utm_campaign=imageinfo&utm_content=thumbnail",
        "hero_filename": "Chiesa San Pietro Celestino (Isernia).JPG",
        "hero_description_url": "https://commons.wikimedia.org/wiki/File:Chiesa_San_Pietro_Celestino_(Isernia).JPG",
        "hero_artist": "TheFab4",
        "hero_license_name": "CC BY-SA 3.0",
        "hero_license_url": "https://creativecommons.org/licenses/by-sa/3.0",
        "website": null,
        "wikidata_url": "https://www.wikidata.org/wiki/Q118352987",
        "osm_url": "https://www.openstreetmap.org/way/1183971709"
      }
    },
    {
      "type": "Feature",
      "id": "Q118352993",
      "geometry": {
        "type": "Point",
        "coordinates": [
          14.244361,
          41.519778
        ]
      },
      "properties": {
        "id": "Q118352993",
        "slug": "chiesa-di-san-bartolomeo-apostolo-q118352993",
        "name": "chiesa di San Bartolomeo Apostolo",
        "church_type": "church",
        "region": "Molise",
        "historic_scope": "historic",
        "date_display": "16th century",
        "date_kind": "century",
        "start_year": 1501,
        "end_year": 1600,
        "date_source": "beweb",
        "date_basis": "construction",
        "date_source_name": "BeWeb",
        "date_source_url": "https://www.beweb.chiesacattolica.it/edificidiculto/edificio/73103/",
        "date_sources": [
          {
            "name": "BeWeb",
            "url": "https://www.beweb.chiesacattolica.it/edificidiculto/edificio/73103/",
            "source_id": "73103"
          }
        ],
        "historical_phases": [
          {
            "evidence_type": "construction",
            "period": {
              "kind": "century",
              "start_year": 1501,
              "end_year": 1600,
              "display": "16th century"
            },
            "period_raw": "XVI",
            "building_part": "carattere generale",
            "source_name": "BeWeb",
            "source_url": "https://www.beweb.chiesacattolica.it/edificidiculto/edificio/73103/"
          },
          {
            "evidence_type": "reconstruction",
            "period": {
              "kind": "year",
              "start_year": 2021,
              "end_year": 2021,
              "display": "2021"
            },
            "period_raw": "2021",
            "building_part": "carattere generale",
            "source_name": "BeWeb",
            "source_url": "https://www.beweb.chiesacattolica.it/edificidiculto/edificio/73103/"
          }
        ],
        "coordinate_source": "wikidata",
        "hero_image": null,
        "hero_filename": null,
        "hero_description_url": null,
        "hero_artist": null,
        "hero_license_name": null,
        "hero_license_url": null,
        "website": null,
        "wikidata_url": "https://www.wikidata.org/wiki/Q118352993",
        "osm_url": null
      }
    },
    {
      "type": "Feature",
      "id": "Q118353083",
      "geometry": {
        "type": "Point",
        "coordinates": [
          14.038694,
          41.482917
        ]
      },
      "properties": {
        "id": "Q118353083",
        "slug": "chiesa-del-carmine-q118353083",
        "name": "chiesa del Carmine",
        "church_type": "church",
        "region": "Molise",
        "historic_scope": "historic",
        "date_display": "16th century",
        "date_kind": "century",
        "start_year": 1501,
        "end_year": 1600,
        "date_source": "beweb",
        "date_basis": "construction",
        "date_source_name": "BeWeb",
        "date_source_url": "https://www.beweb.chiesacattolica.it/edificidiculto/edificio/73163/",
        "date_sources": [
          {
            "name": "BeWeb",
            "url": "https://www.beweb.chiesacattolica.it/edificidiculto/edificio/73163/",
            "source_id": "73163"
          }
        ],
        "historical_phases": [
          {
            "evidence_type": "construction",
            "period": {
              "kind": "century",
              "start_year": 1501,
              "end_year": 1600,
              "display": "16th century"
            },
            "period_raw": "XVI",
            "building_part": "carattere generale",
            "source_name": "BeWeb",
            "source_url": "https://www.beweb.chiesacattolica.it/edificidiculto/edificio/73163/"
          },
          {
            "evidence_type": "reconstruction",
            "period": {
              "kind": "year",
              "start_year": 2022,
              "end_year": 2022,
              "display": "2022"
            },
            "period_raw": "2022",
            "building_part": "carattere generale",
            "source_name": "BeWeb",
            "source_url": "https://www.beweb.chiesacattolica.it/edificidiculto/edificio/73163/"
          }
        ],
        "coordinate_source": "wikidata",
        "hero_image": null,
        "hero_filename": null,
        "hero_description_url": null,
        "hero_artist": null,
        "hero_license_name": null,
        "hero_license_url": null,
        "website": null,
        "wikidata_url": "https://www.wikidata.org/wiki/Q118353083",
        "osm_url": "https://www.openstreetmap.org/way/183346930"
      }
    },
    {
      "type": "Feature",
      "id": "Q118362703",
      "geometry": {
        "type": "Point",
        "coordinates": [
          14.913222,
          41.915056
        ]
      },
      "properties": {
        "id": "Q118362703",
        "slug": "chiesa-di-santa-maria-delle-grazie-q118362703",
        "name": "chiesa di Santa Maria delle Grazie",
        "church_type": "church",
        "region": "Molise",
        "historic_scope": "historic",
        "date_display": "1643",
        "date_kind": "year",
        "start_year": 1643,
        "end_year": 1643,
        "date_source": "beweb",
        "date_basis": "construction",
        "date_source_name": "BeWeb",
        "date_source_url": "https://www.beweb.chiesacattolica.it/edificidiculto/edificio/26591/",
        "date_sources": [
          {
            "name": "BeWeb",
            "url": "https://www.beweb.chiesacattolica.it/edificidiculto/edificio/26591/",
            "source_id": "26591"
          }
        ],
        "historical_phases": [
          {
            "evidence_type": "construction",
            "period": {
              "kind": "year",
              "start_year": 1643,
              "end_year": 1643,
              "display": "1643"
            },
            "period_raw": "1643",
            "building_part": "intero bene",
            "source_name": "BeWeb",
            "source_url": "https://www.beweb.chiesacattolica.it/edificidiculto/edificio/26591/"
          },
          {
            "evidence_type": "other",
            "period": {
              "kind": "year",
              "start_year": 1672,
              "end_year": 1672,
              "display": "1672"
            },
            "period_raw": "1672",
            "building_part": "carattere generale",
            "source_name": "BeWeb",
            "source_url": "https://www.beweb.chiesacattolica.it/edificidiculto/edificio/26591/"
          },
          {
            "evidence_type": "other",
            "period": {
              "kind": "year",
              "start_year": 1868,
              "end_year": 1868,
              "display": "1868"
            },
            "period_raw": "1868",
            "building_part": "carattere generale",
            "source_name": "BeWeb",
            "source_url": "https://www.beweb.chiesacattolica.it/edificidiculto/edificio/26591/"
          },
          {
            "evidence_type": "restoration",
            "period": {
              "kind": "year_range",
              "start_year": 2002,
              "end_year": 2007,
              "display": "2002–2007"
            },
            "period_raw": "2002 ‐ 2007",
            "building_part": "intero bene",
            "source_name": "BeWeb",
            "source_url": "https://www.beweb.chiesacattolica.it/edificidiculto/edificio/26591/"
          }
        ],
        "coordinate_source": "wikidata",
        "hero_image": null,
        "hero_filename": null,
        "hero_description_url": null,
        "hero_artist": null,
        "hero_license_name": null,
        "hero_license_url": null,
        "website": null,
        "wikidata_url": "https://www.wikidata.org/wiki/Q118362703",
        "osm_url": null
      }
    },
    {
      "type": "Feature",
      "id": "Q118362715",
      "geometry": {
        "type": "Point",
        "coordinates": [
          14.698444,
          41.891111
        ]
      },
      "properties": {
        "id": "Q118362715",
        "slug": "chiesa-di-santa-maria-di-costantinopoli-q118362715",
        "name": "chiesa di Santa Maria di Costantinopoli",
        "church_type": "church",
        "region": "Molise",
        "historic_scope": "historic",
        "date_display": "1200",
        "date_kind": "year",
        "start_year": 1200,
        "end_year": 1200,
        "date_source": "beweb",
        "date_basis": "origin",
        "date_source_name": "BeWeb",
        "date_source_url": "https://www.beweb.chiesacattolica.it/edificidiculto/edificio/26643/",
        "date_sources": [
          {
            "name": "BeWeb",
            "url": "https://www.beweb.chiesacattolica.it/edificidiculto/edificio/26643/",
            "source_id": "26643"
          }
        ],
        "historical_phases": [
          {
            "evidence_type": "origin",
            "period": {
              "kind": "year",
              "start_year": 1200,
              "end_year": 1200,
              "display": "1200"
            },
            "period_raw": "1200",
            "building_part": "intero bene",
            "source_name": "BeWeb",
            "source_url": "https://www.beweb.chiesacattolica.it/edificidiculto/edificio/26643/"
          },
          {
            "evidence_type": "other",
            "period": {
              "kind": "century",
              "start_year": 1501,
              "end_year": 1600,
              "display": "16th century"
            },
            "period_raw": "XVI",
            "building_part": null,
            "source_name": "BeWeb",
            "source_url": "https://www.beweb.chiesacattolica.it/edificidiculto/edificio/26643/"
          },
          {
            "evidence_type": "reconstruction",
            "period": {
              "kind": "year",
              "start_year": 1764,
              "end_year": 1764,
              "display": "1764"
            },
            "period_raw": "1764",
            "building_part": "intero bene",
            "source_name": "BeWeb",
            "source_url": "https://www.beweb.chiesacattolica.it/edificidiculto/edificio/26643/"
          },
          {
            "evidence_type": "restoration",
            "period": {
              "kind": "decade",
              "start_year": 1990,
              "end_year": 1999,
              "display": "1990s"
            },
            "period_raw": "1990 ‐ 1999",
            "building_part": "intero bene",
            "source_name": "BeWeb",
            "source_url": "https://www.beweb.chiesacattolica.it/edificidiculto/edificio/26643/"
          }
        ],
        "coordinate_source": "wikidata",
        "hero_image": null,
        "hero_filename": null,
        "hero_description_url": null,
        "hero_artist": null,
        "hero_license_name": null,
        "hero_license_url": null,
        "website": null,
        "wikidata_url": "https://www.wikidata.org/wiki/Q118362715",
        "osm_url": null
      }
    },
    {
      "type": "Feature",
      "id": "Q118362755",
      "geometry": {
        "type": "Point",
        "coordinates": [
          14.276806,
          41.573556
        ]
      },
      "properties": {
        "id": "Q118362755",
        "slug": "chiesa-dell-assunzione-di-maria-vergine-q118362755",
        "name": "chiesa dell'Assunzione di Maria Vergine",
        "church_type": "church",
        "region": "Molise",
        "historic_scope": "historic",
        "date_display": "18th century",
        "date_kind": "century",
        "start_year": 1701,
        "end_year": 1800,
        "date_source": "beweb",
        "date_basis": "construction",
        "date_source_name": "BeWeb",
        "date_source_url": "https://www.beweb.chiesacattolica.it/edificidiculto/edificio/73124/",
        "date_sources": [
          {
            "name": "BeWeb",
            "url": "https://www.beweb.chiesacattolica.it/edificidiculto/edificio/73124/",
            "source_id": "73124"
          }
        ],
        "historical_phases": [
          {
            "evidence_type": "construction",
            "period": {
              "kind": "century",
              "start_year": 1701,
              "end_year": 1800,
              "display": "18th century"
            },
            "period_raw": "XVIII",
            "building_part": "carattere generale",
            "source_name": "BeWeb",
            "source_url": "https://www.beweb.chiesacattolica.it/edificidiculto/edificio/73124/"
          },
          {
            "evidence_type": "reconstruction",
            "period": {
              "kind": "year",
              "start_year": 2019,
              "end_year": 2019,
              "display": "2019"
            },
            "period_raw": "2019",
            "building_part": "carattere generale",
            "source_name": "BeWeb",
            "source_url": "https://www.beweb.chiesacattolica.it/edificidiculto/edificio/73124/"
          }
        ],
        "coordinate_source": "wikidata",
        "hero_image": null,
        "hero_filename": null,
        "hero_description_url": null,
        "hero_artist": null,
        "hero_license_name": null,
        "hero_license_url": null,
        "website": null,
        "wikidata_url": "https://www.wikidata.org/wiki/Q118362755",
        "osm_url": "https://www.openstreetmap.org/way/267884034"
      }
    },
    {
      "type": "Feature",
      "id": "Q1236622",
      "geometry": {
        "type": "Point",
        "coordinates": [
          11.09777778,
          43.88194444
        ]
      },
      "properties": {
        "id": "Q1236622",
        "slug": "duomo-di-prato-q1236622",
        "name": "duomo di Prato",
        "church_type": "cathedral",
        "region": "Tuscany",
        "historic_scope": "historic",
        "date_display": "10th century",
        "date_kind": "century",
        "start_year": 901,
        "end_year": 1000,
        "date_source": "wikidata",
        "date_basis": "inception",
        "date_source_name": "Wikidata",
        "date_source_url": "https://www.wikidata.org/wiki/Q1236622",
        "date_sources": [
          {
            "name": "Wikidata",
            "url": "https://www.wikidata.org/wiki/Q1236622",
            "source_id": "Q1236622"
          }
        ],
        "historical_phases": [],
        "coordinate_source": "wikidata",
        "hero_image": "https://upload.wikimedia.org/wikipedia/commons/thumb/5/53/Piazza_del_Duomo_e_Cattedrale_Santo_Stefano_Prato.jpg/1920px-Piazza_del_Duomo_e_Cattedrale_Santo_Stefano_Prato.jpg",
        "hero_filename": "Piazza del Duomo e Cattedrale Santo Stefano Prato.jpg",
        "hero_description_url": "https://commons.wikimedia.org/wiki/File:Piazza_del_Duomo_e_Cattedrale_Santo_Stefano_Prato.jpg",
        "hero_artist": "This Photo was taken by Wolfgang Moroder . Feel free to use my photos, but please mention me as the author and send me a message . This image is not in the public domain . Please respect the copyright protection. It may only be used according to the rules mentioned here. This specifically excludes use in social media , if applicable terms of the licenses listed here not appropriate. Please do not upload an updated image here without consultation with the Author. The author would like to make corrections only at his own source. This ensures that the changes are preserved. Please if you think that any changes should be required, please inform the author. Otherwise you can upload a new image with a new name. Please use one of the templates derivative or extract .",
        "hero_license_name": "CC BY-SA 3.0",
        "hero_license_url": "https://creativecommons.org/licenses/by-sa/3.0",
        "website": "http://www.diocesiprato.it",
        "wikidata_url": "https://www.wikidata.org/wiki/Q1236622",
        "osm_url": "https://www.openstreetmap.org/way/931696761"
      }
    },
    {
      "type": "Feature",
      "id": "Q124005573",
      "geometry": {
        "type": "Point",
        "coordinates": [
          11.4033413,
          43.3068293
        ]
      },
      "properties": {
        "id": "Q124005573",
        "slug": "cappella-di-sant-antonio-da-padova-q124005573",
        "name": "cappella di Sant'Antonio da Padova",
        "church_type": "church",
        "region": "Tuscany",
        "historic_scope": "historic",
        "date_display": "1628",
        "date_kind": "year",
        "start_year": 1628,
        "end_year": 1628,
        "date_source": "wikidata",
        "date_basis": "inception",
        "date_source_name": "Wikidata",
        "date_source_url": "https://www.wikidata.org/wiki/Q124005573",
        "date_sources": [
          {
            "name": "Wikidata",
            "url": "https://www.wikidata.org/wiki/Q124005573",
            "source_id": "Q124005573"
          }
        ],
        "historical_phases": [],
        "coordinate_source": "openstreetmap",
        "hero_image": "https://upload.wikimedia.org/wikipedia/commons/thumb/2/2e/SienaPrescianoCappellaSantAntonioDaPadovaVillaPieriLovatelli2.jpg/1920px-SienaPrescianoCappellaSantAntonioDaPadovaVillaPieriLovatelli2.jpg",
        "hero_filename": "SienaPrescianoCappellaSantAntonioDaPadovaVillaPieriLovatelli2.jpg",
        "hero_description_url": "https://commons.wikimedia.org/wiki/File:SienaPrescianoCappellaSantAntonioDaPadovaVillaPieriLovatelli2.jpg",
        "hero_artist": "LigaDue",
        "hero_license_name": "CC BY-SA 4.0",
        "hero_license_url": "https://creativecommons.org/licenses/by-sa/4.0",
        "website": null,
        "wikidata_url": "https://www.wikidata.org/wiki/Q124005573",
        "osm_url": "https://www.openstreetmap.org/way/141797318"
      }
    },
    {
      "type": "Feature",
      "id": "Q1248706",
      "geometry": {
        "type": "Point",
        "coordinates": [
          11.1017117,
          43.8781684
        ]
      },
      "properties": {
        "id": "Q1248706",
        "slug": "santuario-della-madonna-del-giglio-q1248706",
        "name": "santuario della Madonna del Giglio",
        "church_type": "church",
        "region": "Tuscany",
        "historic_scope": "historic",
        "date_display": "1680",
        "date_kind": "year",
        "start_year": 1680,
        "end_year": 1680,
        "date_source": "wikidata",
        "date_basis": "inception",
        "date_source_name": "Wikidata",
        "date_source_url": "https://www.wikidata.org/wiki/Q1248706",
        "date_sources": [
          {
            "name": "Wikidata",
            "url": "https://www.wikidata.org/wiki/Q1248706",
            "source_id": "Q1248706"
          }
        ],
        "historical_phases": [],
        "coordinate_source": "manual",
        "hero_image": "https://upload.wikimedia.org/wikipedia/commons/thumb/6/65/Madonna_del_Giglio_sanctuary_3.jpg/1920px-Madonna_del_Giglio_sanctuary_3.jpg",
        "hero_filename": "Madonna del Giglio sanctuary 3.jpg",
        "hero_description_url": "https://commons.wikimedia.org/wiki/File:Madonna_del_Giglio_sanctuary_3.jpg",
        "hero_artist": "Massimilianogalardi",
        "hero_license_name": "CC BY-SA 3.0",
        "hero_license_url": "https://creativecommons.org/licenses/by-sa/3.0",
        "website": null,
        "wikidata_url": "https://www.wikidata.org/wiki/Q1248706",
        "osm_url": "https://www.openstreetmap.org/way/700922377"
      }
    },
    {
      "type": "Feature",
      "id": "Q1285138",
      "geometry": {
        "type": "Point",
        "coordinates": [
          11.26055556,
          43.76972222
        ]
      },
      "properties": {
        "id": "Q1285138",
        "slug": "chiesa-dei-santi-simone-e-giuda-q1285138",
        "name": "chiesa dei Santi Simone e Giuda",
        "church_type": "church",
        "region": "Tuscany",
        "historic_scope": "historic",
        "date_display": "1243",
        "date_kind": "year",
        "start_year": 1243,
        "end_year": 1243,
        "date_source": "wikidata",
        "date_basis": "inception",
        "date_source_name": "Wikidata",
        "date_source_url": "https://www.wikidata.org/wiki/Q1285138",
        "date_sources": [
          {
            "name": "Wikidata",
            "url": "https://www.wikidata.org/wiki/Q1285138",
            "source_id": "Q1285138"
          }
        ],
        "historical_phases": [],
        "coordinate_source": "wikidata",
        "hero_image": "https://upload.wikimedia.org/wikipedia/commons/thumb/1/1e/Piazza_san_simone%2C_chiesa_dei_santi_simone_e_giuda%2C_02%2C0.jpg/1920px-Piazza_san_simone%2C_chiesa_dei_santi_simone_e_giuda%2C_02%2C0.jpg",
        "hero_filename": "Piazza san simone, chiesa dei santi simone e giuda, 02,0.jpg",
        "hero_description_url": "https://commons.wikimedia.org/wiki/File:Piazza_san_simone,_chiesa_dei_santi_simone_e_giuda,_02,0.jpg",
        "hero_artist": "Sailko",
        "hero_license_name": "CC BY-SA 4.0",
        "hero_license_url": "https://creativecommons.org/licenses/by-sa/4.0",
        "website": null,
        "wikidata_url": "https://www.wikidata.org/wiki/Q1285138",
        "osm_url": "https://www.openstreetmap.org/way/307126295"
      }
    },
    {
      "type": "Feature",
      "id": "Q1423910",
      "geometry": {
        "type": "Point",
        "coordinates": [
          10.3935,
          43.71291667
        ]
      },
      "properties": {
        "id": "Q1423910",
        "slug": "chiesa-di-san-paolo-a-ripa-d-arno-q1423910",
        "name": "chiesa di San Paolo a Ripa d'Arno",
        "church_type": "church",
        "region": "Tuscany",
        "historic_scope": "historic",
        "date_display": "10th century",
        "date_kind": "century",
        "start_year": 901,
        "end_year": 1000,
        "date_source": "wikidata",
        "date_basis": "inception",
        "date_source_name": "Wikidata",
        "date_source_url": "https://www.wikidata.org/wiki/Q1423910",
        "date_sources": [
          {
            "name": "Wikidata",
            "url": "https://www.wikidata.org/wiki/Q1423910",
            "source_id": "Q1423910"
          }
        ],
        "historical_phases": [],
        "coordinate_source": "wikidata",
        "hero_image": "https://upload.wikimedia.org/wikipedia/commons/thumb/7/7f/Pisa_-_Chiesa_di_San_Paolo_a_Ripa_02.JPG/1920px-Pisa_-_Chiesa_di_San_Paolo_a_Ripa_02.JPG",
        "hero_filename": "Pisa - Chiesa di San Paolo a Ripa 02.JPG",
        "hero_description_url": "https://commons.wikimedia.org/wiki/File:Pisa_-_Chiesa_di_San_Paolo_a_Ripa_02.JPG",
        "hero_artist": "Luca Aless",
        "hero_license_name": "CC BY-SA 4.0",
        "hero_license_url": "https://creativecommons.org/licenses/by-sa/4.0",
        "website": null,
        "wikidata_url": "https://www.wikidata.org/wiki/Q1423910",
        "osm_url": "https://www.openstreetmap.org/way/127284631"
      }
    },
    {
      "type": "Feature",
      "id": "Q1426967",
      "geometry": {
        "type": "Point",
        "coordinates": [
          10.39673,
          43.71524
        ]
      },
      "properties": {
        "id": "Q1426967",
        "slug": "chiesa-di-santa-maria-della-spina-q1426967",
        "name": "chiesa di Santa Maria della Spina",
        "church_type": "church",
        "region": "Tuscany",
        "historic_scope": "historic",
        "date_display": "13th century",
        "date_kind": "century",
        "start_year": 1201,
        "end_year": 1300,
        "date_source": "wikidata",
        "date_basis": "inception",
        "date_source_name": "Wikidata",
        "date_source_url": "https://www.wikidata.org/wiki/Q1426967",
        "date_sources": [
          {
            "name": "Wikidata",
            "url": "https://www.wikidata.org/wiki/Q1426967",
            "source_id": "Q1426967"
          }
        ],
        "historical_phases": [],
        "coordinate_source": "wikidata",
        "hero_image": "https://upload.wikimedia.org/wikipedia/commons/thumb/1/14/Esgl%C3%A9sia_de_Santa_Maria_della_Spina_de_Pisa.JPG/1920px-Esgl%C3%A9sia_de_Santa_Maria_della_Spina_de_Pisa.JPG",
        "hero_filename": "Església de Santa Maria della Spina de Pisa.JPG",
        "hero_description_url": "https://commons.wikimedia.org/wiki/File:Esgl%C3%A9sia_de_Santa_Maria_della_Spina_de_Pisa.JPG",
        "hero_artist": "Joanbanjo",
        "hero_license_name": "CC BY-SA 3.0",
        "hero_license_url": "https://creativecommons.org/licenses/by-sa/3.0",
        "website": null,
        "wikidata_url": "https://www.wikidata.org/wiki/Q1426967",
        "osm_url": "https://www.openstreetmap.org/way/159405535"
      }
    },
    {
      "type": "Feature",
      "id": "Q1519975",
      "geometry": {
        "type": "Point",
        "coordinates": [
          11.24777778,
          43.76722222
        ]
      },
      "properties": {
        "id": "Q1519975",
        "slug": "basilica-di-santo-spirito-q1519975",
        "name": "basilica di Santo Spirito",
        "church_type": "basilica",
        "region": "Tuscany",
        "historic_scope": "historic",
        "date_display": "1252",
        "date_kind": "year",
        "start_year": 1252,
        "end_year": 1252,
        "date_source": "wikidata",
        "date_basis": "inception",
        "date_source_name": "Wikidata",
        "date_source_url": "https://www.wikidata.org/wiki/Q1519975",
        "date_sources": [
          {
            "name": "Wikidata",
            "url": "https://www.wikidata.org/wiki/Q1519975",
            "source_id": "Q1519975"
          }
        ],
        "historical_phases": [],
        "coordinate_source": "wikidata",
        "hero_image": "https://upload.wikimedia.org/wikipedia/commons/thumb/6/6d/Chiesa_Santo_Spirito%2C_Firenze.jpg/1920px-Chiesa_Santo_Spirito%2C_Firenze.jpg",
        "hero_filename": "Chiesa Santo Spirito, Firenze.jpg",
        "hero_description_url": "https://commons.wikimedia.org/wiki/File:Chiesa_Santo_Spirito,_Firenze.jpg",
        "hero_artist": "Lucarelli",
        "hero_license_name": "CC BY-SA 3.0",
        "hero_license_url": "https://creativecommons.org/licenses/by-sa/3.0",
        "website": "https://www.basilicasantospirito.it",
        "wikidata_url": "https://www.wikidata.org/wiki/Q1519975",
        "osm_url": "https://www.openstreetmap.org/way/24881563"
      }
    },
    {
      "type": "Feature",
      "id": "Q16540253",
      "geometry": {
        "type": "Point",
        "coordinates": [
          11.338501,
          43.315335
        ]
      },
      "properties": {
        "id": "Q16540253",
        "slug": "chiesa-di-san-leonardo-q16540253",
        "name": "chiesa di San Leonardo",
        "church_type": "church",
        "region": "Tuscany",
        "historic_scope": "historic",
        "date_display": "1173",
        "date_kind": "year",
        "start_year": 1173,
        "end_year": 1173,
        "date_source": "wikidata",
        "date_basis": "inception",
        "date_source_name": "Wikidata",
        "date_source_url": "https://www.wikidata.org/wiki/Q16540253",
        "date_sources": [
          {
            "name": "Wikidata",
            "url": "https://www.wikidata.org/wiki/Q16540253",
            "source_id": "Q16540253"
          }
        ],
        "historical_phases": [],
        "coordinate_source": "wikidata",
        "hero_image": "https://upload.wikimedia.org/wikipedia/commons/thumb/a/a4/SienaSanLeonardo5.jpg/1920px-SienaSanLeonardo5.jpg",
        "hero_filename": "SienaSanLeonardo5.jpg",
        "hero_description_url": "https://commons.wikimedia.org/wiki/File:SienaSanLeonardo5.jpg",
        "hero_artist": "LigaDue",
        "hero_license_name": "CC BY-SA 4.0",
        "hero_license_url": "https://creativecommons.org/licenses/by-sa/4.0",
        "website": null,
        "wikidata_url": "https://www.wikidata.org/wiki/Q16540253",
        "osm_url": null
      }
    },
    {
      "type": "Feature",
      "id": "Q1714149",
      "geometry": {
        "type": "Point",
        "coordinates": [
          11.09844444,
          43.87941667
        ]
      },
      "properties": {
        "id": "Q1714149",
        "slug": "basilica-di-santa-maria-delle-carceri-q1714149",
        "name": "basilica di Santa Maria delle Carceri",
        "church_type": "basilica",
        "region": "Tuscany",
        "historic_scope": "historic",
        "date_display": "15th century",
        "date_kind": "century",
        "start_year": 1401,
        "end_year": 1500,
        "date_source": "wikidata",
        "date_basis": "inception",
        "date_source_name": "Wikidata",
        "date_source_url": "https://www.wikidata.org/wiki/Q1714149",
        "date_sources": [
          {
            "name": "Wikidata",
            "url": "https://www.wikidata.org/wiki/Q1714149",
            "source_id": "Q1714149"
          }
        ],
        "historical_phases": [],
        "coordinate_source": "wikidata",
        "hero_image": "https://upload.wikimedia.org/wikipedia/commons/thumb/1/1d/Santa_maria_delle_carceri%2C_esterno%2C_02.jpg/1920px-Santa_maria_delle_carceri%2C_esterno%2C_02.jpg",
        "hero_filename": "Santa maria delle carceri, esterno, 02.jpg",
        "hero_description_url": "https://commons.wikimedia.org/wiki/File:Santa_maria_delle_carceri,_esterno,_02.jpg",
        "hero_artist": "Sailko",
        "hero_license_name": "CC BY 3.0",
        "hero_license_url": "https://creativecommons.org/licenses/by/3.0",
        "website": null,
        "wikidata_url": "https://www.wikidata.org/wiki/Q1714149",
        "osm_url": "https://www.openstreetmap.org/way/200950762"
      }
    },
    {
      "type": "Feature",
      "id": "Q1784984",
      "geometry": {
        "type": "Point",
        "coordinates": [
          11.26474,
          43.77423
        ]
      },
      "properties": {
        "id": "Q1784984",
        "slug": "chiesa-di-santa-maria-maddalena-dei-pazzi-q1784984",
        "name": "chiesa di Santa Maria Maddalena dei Pazzi",
        "church_type": "church",
        "region": "Tuscany",
        "historic_scope": "historic",
        "date_display": "15th century",
        "date_kind": "century",
        "start_year": 1401,
        "end_year": 1500,
        "date_source": "wikidata",
        "date_basis": "inception",
        "date_source_name": "Wikidata",
        "date_source_url": "https://www.wikidata.org/wiki/Q1784984",
        "date_sources": [
          {
            "name": "Wikidata",
            "url": "https://www.wikidata.org/wiki/Q1784984",
            "source_id": "Q1784984"
          }
        ],
        "historical_phases": [],
        "coordinate_source": "wikidata",
        "hero_image": "https://upload.wikimedia.org/wikipedia/commons/3/3d/Santa_Maria_Maddalena_de%27_Pazzi_ingresso.JPG",
        "hero_filename": "Santa Maria Maddalena de' Pazzi ingresso.JPG",
        "hero_description_url": "https://commons.wikimedia.org/wiki/File:Santa_Maria_Maddalena_de%27_Pazzi_ingresso.JPG",
        "hero_artist": "Sailko",
        "hero_license_name": "CC BY-SA 3.0",
        "hero_license_url": "http://creativecommons.org/licenses/by-sa/3.0/",
        "website": null,
        "wikidata_url": "https://www.wikidata.org/wiki/Q1784984",
        "osm_url": "https://www.openstreetmap.org/way/303278550"
      }
    },
    {
      "type": "Feature",
      "id": "Q185303",
      "geometry": {
        "type": "Point",
        "coordinates": [
          11.32829,
          43.31986
        ]
      },
      "properties": {
        "id": "Q185303",
        "slug": "santuario-di-santa-caterina-q185303",
        "name": "santuario di Santa Caterina",
        "church_type": "church",
        "region": "Tuscany",
        "historic_scope": "historic",
        "date_display": "1700",
        "date_kind": "year",
        "start_year": 1700,
        "end_year": 1700,
        "date_source": "wikidata",
        "date_basis": "inception",
        "date_source_name": "Wikidata",
        "date_source_url": "https://www.wikidata.org/wiki/Q185303",
        "date_sources": [
          {
            "name": "Wikidata",
            "url": "https://www.wikidata.org/wiki/Q185303",
            "source_id": "Q185303"
          }
        ],
        "historical_phases": [],
        "coordinate_source": "wikidata",
        "hero_image": "https://upload.wikimedia.org/wikipedia/commons/thumb/2/2d/Santuario_di_santa_caterina%2C_portico_dei_Comuni_d%27Italia%2C_1941-47.jpg/1920px-Santuario_di_santa_caterina%2C_portico_dei_Comuni_d%27Italia%2C_1941-47.jpg",
        "hero_filename": "Santuario di santa caterina, portico dei Comuni d'Italia, 1941-47.jpg",
        "hero_description_url": "https://commons.wikimedia.org/wiki/File:Santuario_di_santa_caterina,_portico_dei_Comuni_d%27Italia,_1941-47.jpg",
        "hero_artist": "Sailko",
        "hero_license_name": "CC BY 3.0",
        "hero_license_url": "https://creativecommons.org/licenses/by/3.0",
        "website": null,
        "wikidata_url": "https://www.wikidata.org/wiki/Q185303",
        "osm_url": "https://www.openstreetmap.org/way/50059765"
      }
    },
    {
      "type": "Feature",
      "id": "Q191739",
      "geometry": {
        "type": "Point",
        "coordinates": [
          11.256944444444445,
          43.77305555555556
        ]
      },
      "properties": {
        "id": "Q191739",
        "slug": "cattedrale-di-santa-maria-del-fiore-q191739",
        "name": "Cattedrale di Santa Maria del Fiore",
        "church_type": "cathedral",
        "region": "Tuscany",
        "historic_scope": "historic",
        "date_display": "1296",
        "date_kind": "year",
        "start_year": 1296,
        "end_year": 1296,
        "date_source": "wikidata",
        "date_basis": "inception",
        "date_source_name": "Wikidata",
        "date_source_url": "https://www.wikidata.org/wiki/Q191739",
        "date_sources": [
          {
            "name": "Wikidata",
            "url": "https://www.wikidata.org/wiki/Q191739",
            "source_id": "Q191739"
          }
        ],
        "historical_phases": [],
        "coordinate_source": "wikidata",
        "hero_image": "https://upload.wikimedia.org/wikipedia/commons/thumb/7/77/Florence_Duomo_from_Michelangelo_hill.jpg/1920px-Florence_Duomo_from_Michelangelo_hill.jpg",
        "hero_filename": "Florence Duomo from Michelangelo hill.jpg",
        "hero_description_url": "https://commons.wikimedia.org/wiki/File:Florence_Duomo_from_Michelangelo_hill.jpg",
        "hero_artist": "Petar Milošević",
        "hero_license_name": "CC BY-SA 4.0",
        "hero_license_url": "https://creativecommons.org/licenses/by-sa/4.0",
        "website": "https://www.duomofirenze.it/",
        "wikidata_url": "https://www.wikidata.org/wiki/Q191739",
        "osm_url": "https://www.openstreetmap.org/way/43768260"
      }
    },
    {
      "type": "Feature",
      "id": "Q19595627",
      "geometry": {
        "type": "Point",
        "coordinates": [
          14.80731,
          41.68886
        ]
      },
      "properties": {
        "id": "Q19595627",
        "slug": "chiesa-di-santa-maria-assunta-q19595627",
        "name": "chiesa di Santa Maria Assunta",
        "church_type": "church",
        "region": "Molise",
        "historic_scope": "historic",
        "date_display": "1731–1744",
        "date_kind": "year_range",
        "start_year": 1731,
        "end_year": 1744,
        "date_source": "beweb",
        "date_basis": "construction",
        "date_source_name": "BeWeb",
        "date_source_url": "https://www.beweb.chiesacattolica.it/edificidiculto/edificio/26637/",
        "date_sources": [
          {
            "name": "BeWeb",
            "url": "https://www.beweb.chiesacattolica.it/edificidiculto/edificio/26637/",
            "source_id": "26637"
          }
        ],
        "historical_phases": [
          {
            "evidence_type": "construction",
            "period": {
              "kind": "year_range",
              "start_year": 1731,
              "end_year": 1744,
              "display": "1731–1744"
            },
            "period_raw": "1731 ‐ 1744",
            "building_part": "intero bene",
            "source_name": "BeWeb",
            "source_url": "https://www.beweb.chiesacattolica.it/edificidiculto/edificio/26637/"
          },
          {
            "evidence_type": "restoration",
            "period": {
              "kind": "year",
              "start_year": 2017,
              "end_year": 2017,
              "display": "2017"
            },
            "period_raw": "2017",
            "building_part": "intero bene",
            "source_name": "BeWeb",
            "source_url": "https://www.beweb.chiesacattolica.it/edificidiculto/edificio/26637/"
          }
        ],
        "coordinate_source": "wikidata",
        "hero_image": null,
        "hero_filename": null,
        "hero_description_url": null,
        "hero_artist": null,
        "hero_license_name": null,
        "hero_license_url": null,
        "website": null,
        "wikidata_url": "https://www.wikidata.org/wiki/Q19595627",
        "osm_url": null
      }
    },
    {
      "type": "Feature",
      "id": "Q19843876",
      "geometry": {
        "type": "Point",
        "coordinates": [
          10.07739,
          44.10376
        ]
      },
      "properties": {
        "id": "Q19843876",
        "slug": "chiesa-di-sant-antonio-abate-e-sant-anna-q19843876",
        "name": "chiesa di Sant'Antonio Abate e Sant'Anna",
        "church_type": "church",
        "region": "Tuscany",
        "historic_scope": "historic",
        "date_display": "1741",
        "date_kind": "year",
        "start_year": 1741,
        "end_year": 1741,
        "date_source": "wikidata",
        "date_basis": "inception",
        "date_source_name": "Wikidata",
        "date_source_url": "https://www.wikidata.org/wiki/Q19843876",
        "date_sources": [
          {
            "name": "Wikidata",
            "url": "https://www.wikidata.org/wiki/Q19843876",
            "source_id": "Q19843876"
          }
        ],
        "historical_phases": [],
        "coordinate_source": "wikidata",
        "hero_image": "https://upload.wikimedia.org/wikipedia/commons/thumb/c/c5/Facciata_Chiesa_Sant%27Antonio_Abate_e_Sant%27Anna_Noceto_Carrara.JPG/1920px-Facciata_Chiesa_Sant%27Antonio_Abate_e_Sant%27Anna_Noceto_Carrara.JPG",
        "hero_filename": "Facciata Chiesa Sant'Antonio Abate e Sant'Anna Noceto Carrara.JPG",
        "hero_description_url": "https://commons.wikimedia.org/wiki/File:Facciata_Chiesa_Sant%27Antonio_Abate_e_Sant%27Anna_Noceto_Carrara.JPG",
        "hero_artist": "AndreaPoggianti",
        "hero_license_name": "CC BY-SA 4.0",
        "hero_license_url": "https://creativecommons.org/licenses/by-sa/4.0",
        "website": null,
        "wikidata_url": "https://www.wikidata.org/wiki/Q19843876",
        "osm_url": null
      }
    },
    {
      "type": "Feature",
      "id": "Q19947673",
      "geometry": {
        "type": "Point",
        "coordinates": [
          11.26031667,
          43.77531083
        ]
      },
      "properties": {
        "id": "Q19947673",
        "slug": "rotonda-di-brunelleschi-q19947673",
        "name": "Rotonda di Brunelleschi",
        "church_type": "church",
        "region": "Tuscany",
        "historic_scope": "historic",
        "date_display": "1434",
        "date_kind": "year",
        "start_year": 1434,
        "end_year": 1434,
        "date_source": "wikidata",
        "date_basis": "inception",
        "date_source_name": "Wikidata",
        "date_source_url": "https://www.wikidata.org/wiki/Q19947673",
        "date_sources": [
          {
            "name": "Wikidata",
            "url": "https://www.wikidata.org/wiki/Q19947673",
            "source_id": "Q19947673"
          }
        ],
        "historical_phases": [],
        "coordinate_source": "wikidata",
        "hero_image": "https://upload.wikimedia.org/wikipedia/commons/thumb/c/cc/Rotonda_del_brunelleschi_12.JPG/1920px-Rotonda_del_brunelleschi_12.JPG",
        "hero_filename": "Rotonda del brunelleschi 12.JPG",
        "hero_description_url": "https://commons.wikimedia.org/wiki/File:Rotonda_del_brunelleschi_12.JPG",
        "hero_artist": "sailko",
        "hero_license_name": "CC BY-SA 3.0",
        "hero_license_url": "https://creativecommons.org/licenses/by-sa/3.0",
        "website": null,
        "wikidata_url": "https://www.wikidata.org/wiki/Q19947673",
        "osm_url": "https://www.openstreetmap.org/way/113484938"
      }
    },
    {
      "type": "Feature",
      "id": "Q2028376",
      "geometry": {
        "type": "Point",
        "coordinates": [
          11.33154452,
          43.32305861
        ]
      },
      "properties": {
        "id": "Q2028376",
        "slug": "oratorio-di-san-rocco-q2028376",
        "name": "oratorio di San Rocco",
        "church_type": "church",
        "region": "Tuscany",
        "historic_scope": "historic",
        "date_display": "1511",
        "date_kind": "year",
        "start_year": 1511,
        "end_year": 1511,
        "date_source": "wikidata",
        "date_basis": "inception",
        "date_source_name": "Wikidata",
        "date_source_url": "https://www.wikidata.org/wiki/Q2028376",
        "date_sources": [
          {
            "name": "Wikidata",
            "url": "https://www.wikidata.org/wiki/Q2028376",
            "source_id": "Q2028376"
          }
        ],
        "historical_phases": [],
        "coordinate_source": "wikidata",
        "hero_image": "https://upload.wikimedia.org/wikipedia/commons/d/dd/Oratorio_di_San_Rocco_siena.jpg",
        "hero_filename": "Oratorio di San Rocco siena.jpg",
        "hero_description_url": "https://commons.wikimedia.org/wiki/File:Oratorio_di_San_Rocco_siena.jpg",
        "hero_artist": null,
        "hero_license_name": "Copyrighted free use",
        "hero_license_url": null,
        "website": null,
        "wikidata_url": "https://www.wikidata.org/wiki/Q2028376",
        "osm_url": "https://www.openstreetmap.org/way/1193136273"
      }
    },
    {
      "type": "Feature",
      "id": "Q2220029",
      "geometry": {
        "type": "Point",
        "coordinates": [
          11.26540556,
          43.76158056
        ]
      },
      "properties": {
        "id": "Q2220029",
        "slug": "chiesa-di-san-salvatore-al-monte-q2220029",
        "name": "chiesa di San Salvatore al Monte",
        "church_type": "church",
        "region": "Tuscany",
        "historic_scope": "historic",
        "date_display": "1498",
        "date_kind": "year",
        "start_year": 1498,
        "end_year": 1498,
        "date_source": "wikidata",
        "date_basis": "inception",
        "date_source_name": "Wikidata",
        "date_source_url": "https://www.wikidata.org/wiki/Q2220029",
        "date_sources": [
          {
            "name": "Wikidata",
            "url": "https://www.wikidata.org/wiki/Q2220029",
            "source_id": "Q2220029"
          }
        ],
        "historical_phases": [],
        "coordinate_source": "wikidata",
        "hero_image": "https://upload.wikimedia.org/wikipedia/commons/b/b0/San_salvatore_al_monte.JPG",
        "hero_filename": "San salvatore al monte.JPG",
        "hero_description_url": "https://commons.wikimedia.org/wiki/File:San_salvatore_al_monte.JPG",
        "hero_artist": "Sailko",
        "hero_license_name": "CC BY-SA 3.0",
        "hero_license_url": "http://creativecommons.org/licenses/by-sa/3.0/",
        "website": null,
        "wikidata_url": "https://www.wikidata.org/wiki/Q2220029",
        "osm_url": "https://www.openstreetmap.org/way/91371849"
      }
    },
    {
      "type": "Feature",
      "id": "Q2223430",
      "geometry": {
        "type": "Point",
        "coordinates": [
          11.25207,
          43.76924
        ]
      },
      "properties": {
        "id": "Q2223430",
        "slug": "chiesa-dei-santi-apostoli-q2223430",
        "name": "chiesa dei Santi Apostoli",
        "church_type": "church",
        "region": "Tuscany",
        "historic_scope": "historic",
        "date_display": "11th century",
        "date_kind": "century",
        "start_year": 1001,
        "end_year": 1100,
        "date_source": "wikidata",
        "date_basis": "inception",
        "date_source_name": "Wikidata",
        "date_source_url": "https://www.wikidata.org/wiki/Q2223430",
        "date_sources": [
          {
            "name": "Wikidata",
            "url": "https://www.wikidata.org/wiki/Q2223430",
            "source_id": "Q2223430"
          }
        ],
        "historical_phases": [],
        "coordinate_source": "wikidata",
        "hero_image": "https://upload.wikimedia.org/wikipedia/commons/thumb/5/51/Piazza_del_limbo%2C_chiesa_dei_ss._apostoli%2C_01%2C0.jpg/1920px-Piazza_del_limbo%2C_chiesa_dei_ss._apostoli%2C_01%2C0.jpg",
        "hero_filename": "Piazza del limbo, chiesa dei ss. apostoli, 01,0.jpg",
        "hero_description_url": "https://commons.wikimedia.org/wiki/File:Piazza_del_limbo,_chiesa_dei_ss._apostoli,_01,0.jpg",
        "hero_artist": "Sailko",
        "hero_license_name": "CC BY-SA 4.0",
        "hero_license_url": "https://creativecommons.org/licenses/by-sa/4.0",
        "website": null,
        "wikidata_url": "https://www.wikidata.org/wiki/Q2223430",
        "osm_url": "https://www.openstreetmap.org/way/451785463"
      }
    },
    {
      "type": "Feature",
      "id": "Q2287001",
      "geometry": {
        "type": "Point",
        "coordinates": [
          11.26128,
          43.7769
        ]
      },
      "properties": {
        "id": "Q2287001",
        "slug": "basilica-della-santissima-annunziata-q2287001",
        "name": "basilica della Santissima Annunziata",
        "church_type": "basilica",
        "region": "Tuscany",
        "historic_scope": "historic",
        "date_display": "1250",
        "date_kind": "year",
        "start_year": 1250,
        "end_year": 1250,
        "date_source": "wikidata",
        "date_basis": "inception",
        "date_source_name": "Wikidata",
        "date_source_url": "https://www.wikidata.org/wiki/Q2287001",
        "date_sources": [
          {
            "name": "Wikidata",
            "url": "https://www.wikidata.org/wiki/Q2287001",
            "source_id": "Q2287001"
          }
        ],
        "historical_phases": [],
        "coordinate_source": "wikidata",
        "hero_image": "https://upload.wikimedia.org/wikipedia/commons/thumb/2/2b/Palazzo_budini_gattai%2C_vista_verso_piazza_santissima_annunziata%2C_basilica_04.jpg/1920px-Palazzo_budini_gattai%2C_vista_verso_piazza_santissima_annunziata%2C_basilica_04.jpg",
        "hero_filename": "Palazzo budini gattai, vista verso piazza santissima annunziata, basilica 04.jpg",
        "hero_description_url": "https://commons.wikimedia.org/wiki/File:Palazzo_budini_gattai,_vista_verso_piazza_santissima_annunziata,_basilica_04.jpg",
        "hero_artist": "Francesco Bini",
        "hero_license_name": "CC BY-SA 4.0",
        "hero_license_url": "https://creativecommons.org/licenses/by-sa/4.0",
        "website": "https://www.storiasantissimaannunziatafirenze.it/",
        "wikidata_url": "https://www.wikidata.org/wiki/Q2287001",
        "osm_url": "https://www.openstreetmap.org/way/234428743"
      }
    },
    {
      "type": "Feature",
      "id": "Q2778991",
      "geometry": {
        "type": "Point",
        "coordinates": [
          11.24598,
          43.77251
        ]
      },
      "properties": {
        "id": "Q2778991",
        "slug": "chiesa-di-ognissanti-q2778991",
        "name": "chiesa di Ognissanti",
        "church_type": "church",
        "region": "Tuscany",
        "historic_scope": "historic",
        "date_display": "1251",
        "date_kind": "year",
        "start_year": 1251,
        "end_year": 1251,
        "date_source": "wikidata",
        "date_basis": "inception",
        "date_source_name": "Wikidata",
        "date_source_url": "https://www.wikidata.org/wiki/Q2778991",
        "date_sources": [
          {
            "name": "Wikidata",
            "url": "https://www.wikidata.org/wiki/Q2778991",
            "source_id": "Q2778991"
          }
        ],
        "historical_phases": [],
        "coordinate_source": "wikidata",
        "hero_image": "https://upload.wikimedia.org/wikipedia/commons/thumb/8/8a/Chiesa_di_Ognissanti%2C_Firenze%2C_facciata.jpg/1920px-Chiesa_di_Ognissanti%2C_Firenze%2C_facciata.jpg",
        "hero_filename": "Chiesa di Ognissanti, Firenze, facciata.jpg",
        "hero_description_url": "https://commons.wikimedia.org/wiki/File:Chiesa_di_Ognissanti,_Firenze,_facciata.jpg",
        "hero_artist": "Lucarelli",
        "hero_license_name": "CC BY-SA 3.0",
        "hero_license_url": "https://creativecommons.org/licenses/by-sa/3.0",
        "website": "https://www.chiesaognissanti.it/",
        "wikidata_url": "https://www.wikidata.org/wiki/Q2778991",
        "osm_url": "https://www.openstreetmap.org/way/167273908"
      }
    },
    {
      "type": "Feature",
      "id": "Q281259",
      "geometry": {
        "type": "Point",
        "coordinates": [
          10.401861111111,
          43.719972222222
        ]
      },
      "properties": {
        "id": "Q281259",
        "slug": "chiesa-di-santa-apollonia-q281259",
        "name": "chiesa di Santa Apollonia",
        "church_type": "church",
        "region": "Tuscany",
        "historic_scope": "historic",
        "date_display": "1777",
        "date_kind": "year",
        "start_year": 1777,
        "end_year": 1777,
        "date_source": "wikidata",
        "date_basis": "inception",
        "date_source_name": "Wikidata",
        "date_source_url": "https://www.wikidata.org/wiki/Q281259",
        "date_sources": [
          {
            "name": "Wikidata",
            "url": "https://www.wikidata.org/wiki/Q281259",
            "source_id": "Q281259"
          }
        ],
        "historical_phases": [],
        "coordinate_source": "wikidata",
        "hero_image": "https://upload.wikimedia.org/wikipedia/commons/thumb/4/47/Santa_Apollonia%2C_Pisa_%2826655108776%29.jpg/1920px-Santa_Apollonia%2C_Pisa_%2826655108776%29.jpg",
        "hero_filename": "Santa Apollonia, Pisa (26655108776).jpg",
        "hero_description_url": "https://commons.wikimedia.org/wiki/File:Santa_Apollonia,_Pisa_(26655108776).jpg",
        "hero_artist": "Dimitris Kamaras from Athens, Greece",
        "hero_license_name": "CC BY 2.0",
        "hero_license_url": "https://creativecommons.org/licenses/by/2.0",
        "website": null,
        "wikidata_url": "https://www.wikidata.org/wiki/Q281259",
        "osm_url": "https://www.openstreetmap.org/way/216744137"
      }
    },
    {
      "type": "Feature",
      "id": "Q2942559",
      "geometry": {
        "type": "Point",
        "coordinates": [
          14.226694444444444,
          41.58991666666667
        ]
      },
      "properties": {
        "id": "Q2942559",
        "slug": "cattedrale-di-isernia-q2942559",
        "name": "cattedrale di Isernia",
        "church_type": "cathedral",
        "region": "Molise",
        "historic_scope": "historic",
        "date_display": "1349",
        "date_kind": "year",
        "start_year": 1349,
        "end_year": 1349,
        "date_source": "wikidata",
        "date_basis": "inception",
        "date_source_name": "Wikidata",
        "date_source_url": "https://www.wikidata.org/wiki/Q2942559",
        "date_sources": [
          {
            "name": "Wikidata",
            "url": "https://www.wikidata.org/wiki/Q2942559",
            "source_id": "Q2942559"
          }
        ],
        "historical_phases": [
          {
            "evidence_type": "reconstruction",
            "period": {
              "kind": "century",
              "start_year": 1301,
              "end_year": 1400,
              "display": "14th century"
            },
            "period_raw": "XIV",
            "building_part": "carattere generale",
            "source_name": "BeWeb",
            "source_url": "https://www.beweb.chiesacattolica.it/edificidiculto/edificio/73086/"
          },
          {
            "evidence_type": "reconstruction",
            "period": {
              "kind": "year",
              "start_year": 2018,
              "end_year": 2018,
              "display": "2018"
            },
            "period_raw": "2018",
            "building_part": "carattere generale",
            "source_name": "BeWeb",
            "source_url": "https://www.beweb.chiesacattolica.it/edificidiculto/edificio/73086/"
          }
        ],
        "coordinate_source": "wikidata",
        "hero_image": "https://upload.wikimedia.org/wikipedia/commons/5/52/Cattedrale_e_Torre_Civica_%281925%29_%28Isernia%29.jpg",
        "hero_filename": "Cattedrale e Torre Civica (1925) (Isernia).jpg",
        "hero_description_url": "https://commons.wikimedia.org/wiki/File:Cattedrale_e_Torre_Civica_(1925)_(Isernia).jpg",
        "hero_artist": "Thefab4",
        "hero_license_name": "CC BY-SA 3.0",
        "hero_license_url": "https://creativecommons.org/licenses/by-sa/3.0",
        "website": "https://www.cattedraleisernia.org/",
        "wikidata_url": "https://www.wikidata.org/wiki/Q2942559",
        "osm_url": "https://www.openstreetmap.org/way/302442175"
      }
    },
    {
      "type": "Feature",
      "id": "Q2942593",
      "geometry": {
        "type": "Point",
        "coordinates": [
          14.4726,
          41.4819
        ]
      },
      "properties": {
        "id": "Q2942593",
        "slug": "concattedrale-di-san-bartolomeo-q2942593",
        "name": "concattedrale di San Bartolomeo",
        "church_type": "cathedral",
        "region": "Molise",
        "historic_scope": "historic",
        "date_display": "1073",
        "date_kind": "year",
        "start_year": 1073,
        "end_year": 1073,
        "date_source": "wikidata",
        "date_basis": "inception",
        "date_source_name": "Wikidata",
        "date_source_url": "https://www.wikidata.org/wiki/Q2942593",
        "date_sources": [
          {
            "name": "Wikidata",
            "url": "https://www.wikidata.org/wiki/Q2942593",
            "source_id": "Q2942593"
          }
        ],
        "historical_phases": [],
        "coordinate_source": "wikidata",
        "hero_image": "https://upload.wikimedia.org/wikipedia/commons/thumb/a/a4/San_Bartolomeo_%28Bojano%29.jpg/1920px-San_Bartolomeo_%28Bojano%29.jpg",
        "hero_filename": "San Bartolomeo (Bojano).jpg",
        "hero_description_url": "https://commons.wikimedia.org/wiki/File:San_Bartolomeo_(Bojano).jpg",
        "hero_artist": "Goldmund100",
        "hero_license_name": "CC BY-SA 4.0",
        "hero_license_url": "https://creativecommons.org/licenses/by-sa/4.0",
        "website": "http://www.comune.bojano.cb.it/page.php?IDPagina=20",
        "wikidata_url": "https://www.wikidata.org/wiki/Q2942593",
        "osm_url": "https://www.openstreetmap.org/way/160425095"
      }
    },
    {
      "type": "Feature",
      "id": "Q2942612",
      "geometry": {
        "type": "Point",
        "coordinates": [
          14.6598,
          41.5605
        ]
      },
      "properties": {
        "id": "Q2942612",
        "slug": "cattedrale-della-santissima-trinita-q2942612",
        "name": "cattedrale della Santissima Trinità",
        "church_type": "cathedral",
        "region": "Molise",
        "historic_scope": "historic",
        "date_display": "1504",
        "date_kind": "year",
        "start_year": 1504,
        "end_year": 1504,
        "date_source": "wikidata",
        "date_basis": "inception",
        "date_source_name": "Wikidata",
        "date_source_url": "https://www.wikidata.org/wiki/Q2942612",
        "date_sources": [
          {
            "name": "Wikidata",
            "url": "https://www.wikidata.org/wiki/Q2942612",
            "source_id": "Q2942612"
          }
        ],
        "historical_phases": [
          {
            "evidence_type": "reconstruction",
            "period": {
              "kind": "year",
              "start_year": 1829,
              "end_year": 1829,
              "display": "1829"
            },
            "period_raw": "1829",
            "building_part": "intero bene",
            "source_name": "BeWeb",
            "source_url": "https://www.beweb.chiesacattolica.it/edificidiculto/edificio/70422/"
          },
          {
            "evidence_type": "other",
            "period": {
              "kind": "year_range",
              "start_year": 1855,
              "end_year": 1859,
              "display": "1855–1859"
            },
            "period_raw": "1855 ‐ 1859",
            "building_part": null,
            "source_name": "BeWeb",
            "source_url": "https://www.beweb.chiesacattolica.it/edificidiculto/edificio/70422/"
          },
          {
            "evidence_type": "reconstruction",
            "period": {
              "kind": "year",
              "start_year": 2013,
              "end_year": 2013,
              "display": "2013"
            },
            "period_raw": "2013",
            "building_part": "campanile",
            "source_name": "BeWeb",
            "source_url": "https://www.beweb.chiesacattolica.it/edificidiculto/edificio/70422/"
          }
        ],
        "coordinate_source": "wikidata",
        "hero_image": "https://upload.wikimedia.org/wikipedia/commons/d/d8/Cattedrale_campobasso.jpg",
        "hero_filename": "Cattedrale campobasso.jpg",
        "hero_description_url": "https://commons.wikimedia.org/wiki/File:Cattedrale_campobasso.jpg",
        "hero_artist": "Chrychry97 at Italian Wikipedia",
        "hero_license_name": "CC BY-SA 3.0",
        "hero_license_url": "https://creativecommons.org/licenses/by-sa/3.0",
        "website": null,
        "wikidata_url": "https://www.wikidata.org/wiki/Q2942612",
        "osm_url": "https://www.openstreetmap.org/way/261652486"
      }
    },
    {
      "type": "Feature",
      "id": "Q2942828",
      "geometry": {
        "type": "Point",
        "coordinates": [
          14.9972,
          42.0053
        ]
      },
      "properties": {
        "id": "Q2942828",
        "slug": "cattedrale-di-santa-maria-della-purificazione-q2942828",
        "name": "cattedrale di Santa Maria della Purificazione",
        "church_type": "cathedral",
        "region": "Molise",
        "historic_scope": "historic",
        "date_display": "13th century",
        "date_kind": "century",
        "start_year": 1201,
        "end_year": 1300,
        "date_source": "wikidata",
        "date_basis": "inception",
        "date_source_name": "Wikidata",
        "date_source_url": "https://www.wikidata.org/wiki/Q2942828",
        "date_sources": [
          {
            "name": "Wikidata",
            "url": "https://www.wikidata.org/wiki/Q2942828",
            "source_id": "Q2942828"
          }
        ],
        "historical_phases": [
          {
            "evidence_type": "construction",
            "period": {
              "kind": "century_range",
              "start_year": 1001,
              "end_year": 1300,
              "display": "11th–13th century"
            },
            "period_raw": "XI ‐ XIII",
            "building_part": "intero bene",
            "source_name": "BeWeb",
            "source_url": "https://www.beweb.chiesacattolica.it/edificidiculto/edificio/26658/"
          },
          {
            "evidence_type": "reconstruction",
            "period": {
              "kind": "century",
              "start_year": 1701,
              "end_year": 1800,
              "display": "18th century"
            },
            "period_raw": "XVIII",
            "building_part": "intero bene",
            "source_name": "BeWeb",
            "source_url": "https://www.beweb.chiesacattolica.it/edificidiculto/edificio/26658/"
          },
          {
            "evidence_type": "restoration",
            "period": {
              "kind": "year_range",
              "start_year": 1931,
              "end_year": 1933,
              "display": "1931–1933"
            },
            "period_raw": "1931 ‐ 1933",
            "building_part": "intero bene",
            "source_name": "BeWeb",
            "source_url": "https://www.beweb.chiesacattolica.it/edificidiculto/edificio/26658/"
          },
          {
            "evidence_type": "other",
            "period": {
              "kind": "year",
              "start_year": 1961,
              "end_year": 1961,
              "display": "1961"
            },
            "period_raw": "1961",
            "building_part": "intero bene",
            "source_name": "BeWeb",
            "source_url": "https://www.beweb.chiesacattolica.it/edificidiculto/edificio/26658/"
          },
          {
            "evidence_type": "other",
            "period": {
              "kind": "year_range",
              "start_year": 1962,
              "end_year": 1969,
              "display": "1962–1969"
            },
            "period_raw": "1962 ‐ 1969",
            "building_part": "ingresso",
            "source_name": "BeWeb",
            "source_url": "https://www.beweb.chiesacattolica.it/edificidiculto/edificio/26658/"
          },
          {
            "evidence_type": "restoration",
            "period": {
              "kind": "year_range",
              "start_year": 2016,
              "end_year": 2017,
              "display": "2016–2017"
            },
            "period_raw": "2016 ‐ 2017",
            "building_part": "intero bene",
            "source_name": "BeWeb",
            "source_url": "https://www.beweb.chiesacattolica.it/edificidiculto/edificio/26658/"
          }
        ],
        "coordinate_source": "wikidata",
        "hero_image": "https://upload.wikimedia.org/wikipedia/commons/thumb/5/5c/Duomo_Termoli_1.JPG/1920px-Duomo_Termoli_1.JPG",
        "hero_filename": "Duomo Termoli 1.JPG",
        "hero_description_url": "https://commons.wikimedia.org/wiki/File:Duomo_Termoli_1.JPG",
        "hero_artist": "Zitumassin",
        "hero_license_name": "Public domain",
        "hero_license_url": null,
        "website": null,
        "wikidata_url": "https://www.wikidata.org/wiki/Q2942828",
        "osm_url": "https://www.openstreetmap.org/way/223438227"
      }
    },
    {
      "type": "Feature",
      "id": "Q2942847",
      "geometry": {
        "type": "Point",
        "coordinates": [
          14.03841,
          41.48385
        ]
      },
      "properties": {
        "id": "Q2942847",
        "slug": "concattedrale-di-santa-maria-assunta-q2942847",
        "name": "concattedrale di Santa Maria Assunta",
        "church_type": "cathedral",
        "region": "Molise",
        "historic_scope": "historic",
        "date_display": "11th century",
        "date_kind": "century",
        "start_year": 1001,
        "end_year": 1100,
        "date_source": "wikidata",
        "date_basis": "inception",
        "date_source_name": "Wikidata",
        "date_source_url": "https://www.wikidata.org/wiki/Q2942847",
        "date_sources": [
          {
            "name": "Wikidata",
            "url": "https://www.wikidata.org/wiki/Q2942847",
            "source_id": "Q2942847"
          }
        ],
        "historical_phases": [],
        "coordinate_source": "wikidata",
        "hero_image": "https://upload.wikimedia.org/wikipedia/commons/thumb/4/41/Venafro_-_concattedrale_di_Santa_Maria_Assunta_-_facciata.jpg/1920px-Venafro_-_concattedrale_di_Santa_Maria_Assunta_-_facciata.jpg",
        "hero_filename": "Venafro - concattedrale di Santa Maria Assunta - facciata.jpg",
        "hero_description_url": "https://commons.wikimedia.org/wiki/File:Venafro_-_concattedrale_di_Santa_Maria_Assunta_-_facciata.jpg",
        "hero_artist": "Obelix89",
        "hero_license_name": "CC BY-SA 4.0",
        "hero_license_url": "https://creativecommons.org/licenses/by-sa/4.0",
        "website": null,
        "wikidata_url": "https://www.wikidata.org/wiki/Q2942847",
        "osm_url": "https://www.openstreetmap.org/way/183346931"
      }
    },
    {
      "type": "Feature",
      "id": "Q3001779",
      "geometry": {
        "type": "Point",
        "coordinates": [
          11.241839,
          43.761031
        ]
      },
      "properties": {
        "id": "Q3001779",
        "slug": "chiesa-di-san-giovanni-battista-della-calza-q3001779",
        "name": "chiesa di San Giovanni Battista della Calza",
        "church_type": "church",
        "region": "Tuscany",
        "historic_scope": "historic",
        "date_display": "1362",
        "date_kind": "year",
        "start_year": 1362,
        "end_year": 1362,
        "date_source": "wikidata",
        "date_basis": "inception",
        "date_source_name": "Wikidata",
        "date_source_url": "https://www.wikidata.org/wiki/Q3001779",
        "date_sources": [
          {
            "name": "Wikidata",
            "url": "https://www.wikidata.org/wiki/Q3001779",
            "source_id": "Q3001779"
          }
        ],
        "historical_phases": [],
        "coordinate_source": "wikidata",
        "hero_image": "https://upload.wikimedia.org/wikipedia/commons/8/80/San_Giovanni_della_Calza_3.JPG",
        "hero_filename": "San Giovanni della Calza 3.JPG",
        "hero_description_url": "https://commons.wikimedia.org/wiki/File:San_Giovanni_della_Calza_3.JPG",
        "hero_artist": "Sailko",
        "hero_license_name": "CC BY 2.5",
        "hero_license_url": "https://creativecommons.org/licenses/by/2.5",
        "website": null,
        "wikidata_url": "https://www.wikidata.org/wiki/Q3001779",
        "osm_url": "https://www.openstreetmap.org/way/306222212"
      }
    },
    {
      "type": "Feature",
      "id": "Q3504517",
      "geometry": {
        "type": "Point",
        "coordinates": [
          10.40386,
          43.71632
        ]
      },
      "properties": {
        "id": "Q3504517",
        "slug": "chiesa-di-san-pietro-in-vinculis-q3504517",
        "name": "chiesa di San Pietro in Vinculis",
        "church_type": "church",
        "region": "Tuscany",
        "historic_scope": "historic",
        "date_display": "1072",
        "date_kind": "year",
        "start_year": 1072,
        "end_year": 1072,
        "date_source": "wikidata",
        "date_basis": "inception",
        "date_source_name": "Wikidata",
        "date_source_url": "https://www.wikidata.org/wiki/Q3504517",
        "date_sources": [
          {
            "name": "Wikidata",
            "url": "https://www.wikidata.org/wiki/Q3504517",
            "source_id": "Q3504517"
          }
        ],
        "historical_phases": [],
        "coordinate_source": "wikidata",
        "hero_image": "https://upload.wikimedia.org/wikipedia/commons/b/b9/Pisa_San_Pietro_in_Vinculis_%28facciata%29.JPG",
        "hero_filename": "Pisa San Pietro in Vinculis (facciata).JPG",
        "hero_description_url": "https://commons.wikimedia.org/wiki/File:Pisa_San_Pietro_in_Vinculis_(facciata).JPG",
        "hero_artist": "Paolo Fisicaro",
        "hero_license_name": "CC BY-SA 3.0",
        "hero_license_url": "http://creativecommons.org/licenses/by-sa/3.0/",
        "website": null,
        "wikidata_url": "https://www.wikidata.org/wiki/Q3504517",
        "osm_url": "https://www.openstreetmap.org/way/105625234"
      }
    },
    {
      "type": "Feature",
      "id": "Q3504833",
      "geometry": {
        "type": "Point",
        "coordinates": [
          10.41016,
          43.71438
        ]
      },
      "properties": {
        "id": "Q3504833",
        "slug": "chiesa-di-san-silvestro-q3504833",
        "name": "chiesa di San Silvestro",
        "church_type": "former_church",
        "region": "Tuscany",
        "historic_scope": "historic",
        "date_display": "1118",
        "date_kind": "year",
        "start_year": 1118,
        "end_year": 1118,
        "date_source": "wikidata",
        "date_basis": "inception",
        "date_source_name": "Wikidata",
        "date_source_url": "https://www.wikidata.org/wiki/Q3504833",
        "date_sources": [
          {
            "name": "Wikidata",
            "url": "https://www.wikidata.org/wiki/Q3504833",
            "source_id": "Q3504833"
          }
        ],
        "historical_phases": [],
        "coordinate_source": "wikidata",
        "hero_image": "https://upload.wikimedia.org/wikipedia/commons/thumb/8/81/Chiesa_San_Silvestro%2C_Pisa.jpg/1920px-Chiesa_San_Silvestro%2C_Pisa.jpg",
        "hero_filename": "Chiesa San Silvestro, Pisa.jpg",
        "hero_description_url": "https://commons.wikimedia.org/wiki/File:Chiesa_San_Silvestro,_Pisa.jpg",
        "hero_artist": "Lucarelli",
        "hero_license_name": "CC BY-SA 3.0",
        "hero_license_url": "https://creativecommons.org/licenses/by-sa/3.0",
        "website": null,
        "wikidata_url": "https://www.wikidata.org/wiki/Q3504833",
        "osm_url": "https://www.openstreetmap.org/way/128393613"
      }
    },
    {
      "type": "Feature",
      "id": "Q3505115",
      "geometry": {
        "type": "Point",
        "coordinates": [
          10.40465,
          43.72113
        ]
      },
      "properties": {
        "id": "Q3505115",
        "slug": "chiesa-di-santa-caterina-d-alessandria-q3505115",
        "name": "chiesa di Santa Caterina d'Alessandria",
        "church_type": "church",
        "region": "Tuscany",
        "historic_scope": "historic",
        "date_display": "1250",
        "date_kind": "year",
        "start_year": 1250,
        "end_year": 1250,
        "date_source": "wikidata",
        "date_basis": "inception",
        "date_source_name": "Wikidata",
        "date_source_url": "https://www.wikidata.org/wiki/Q3505115",
        "date_sources": [
          {
            "name": "Wikidata",
            "url": "https://www.wikidata.org/wiki/Q3505115",
            "source_id": "Q3505115"
          }
        ],
        "historical_phases": [],
        "coordinate_source": "wikidata",
        "hero_image": "https://upload.wikimedia.org/wikipedia/commons/thumb/a/a8/Santa_Caterina_%28Pisa%29_02.jpg/1920px-Santa_Caterina_%28Pisa%29_02.jpg",
        "hero_filename": "Santa Caterina (Pisa) 02.jpg",
        "hero_description_url": "https://commons.wikimedia.org/wiki/File:Santa_Caterina_(Pisa)_02.jpg",
        "hero_artist": "Superchilum",
        "hero_license_name": "CC BY-SA 4.0",
        "hero_license_url": "https://creativecommons.org/licenses/by-sa/4.0",
        "website": null,
        "wikidata_url": "https://www.wikidata.org/wiki/Q3505115",
        "osm_url": "https://www.openstreetmap.org/way/95460603"
      }
    },
    {
      "type": "Feature",
      "id": "Q3505132",
      "geometry": {
        "type": "Point",
        "coordinates": [
          10.39919,
          43.71952
        ]
      },
      "properties": {
        "id": "Q3505132",
        "slug": "chiesa-di-san-sisto-q3505132",
        "name": "chiesa di San Sisto",
        "church_type": "church",
        "region": "Tuscany",
        "historic_scope": "historic",
        "date_display": "1133",
        "date_kind": "year",
        "start_year": 1133,
        "end_year": 1133,
        "date_source": "wikidata",
        "date_basis": "inception",
        "date_source_name": "Wikidata",
        "date_source_url": "https://www.wikidata.org/wiki/Q3505132",
        "date_sources": [
          {
            "name": "Wikidata",
            "url": "https://www.wikidata.org/wiki/Q3505132",
            "source_id": "Q3505132"
          }
        ],
        "historical_phases": [],
        "coordinate_source": "wikidata",
        "hero_image": "https://upload.wikimedia.org/wikipedia/commons/thumb/5/51/Pisa_-_Chiesa_di_San_Sisto_01.JPG/1920px-Pisa_-_Chiesa_di_San_Sisto_01.JPG",
        "hero_filename": "Pisa - Chiesa di San Sisto 01.JPG",
        "hero_description_url": "https://commons.wikimedia.org/wiki/File:Pisa_-_Chiesa_di_San_Sisto_01.JPG",
        "hero_artist": "Luca Aless",
        "hero_license_name": "CC BY-SA 4.0",
        "hero_license_url": "https://creativecommons.org/licenses/by-sa/4.0",
        "website": null,
        "wikidata_url": "https://www.wikidata.org/wiki/Q3505132",
        "osm_url": "https://www.openstreetmap.org/way/140894052"
      }
    },
    {
      "type": "Feature",
      "id": "Q3506865",
      "geometry": {
        "type": "Point",
        "coordinates": [
          10.40254167,
          43.71689444
        ]
      },
      "properties": {
        "id": "Q3506865",
        "slug": "chiesa-di-san-michele-in-borgo-q3506865",
        "name": "chiesa di San Michele in Borgo",
        "church_type": "church",
        "region": "Tuscany",
        "historic_scope": "historic",
        "date_display": "11th century",
        "date_kind": "century",
        "start_year": 1001,
        "end_year": 1100,
        "date_source": "wikidata",
        "date_basis": "inception",
        "date_source_name": "Wikidata",
        "date_source_url": "https://www.wikidata.org/wiki/Q3506865",
        "date_sources": [
          {
            "name": "Wikidata",
            "url": "https://www.wikidata.org/wiki/Q3506865",
            "source_id": "Q3506865"
          }
        ],
        "historical_phases": [],
        "coordinate_source": "wikidata",
        "hero_image": "https://upload.wikimedia.org/wikipedia/commons/thumb/8/8b/San_Michele_in_Borgo%2C_Pisa.jpg/1920px-San_Michele_in_Borgo%2C_Pisa.jpg",
        "hero_filename": "San Michele in Borgo, Pisa.jpg",
        "hero_description_url": "https://commons.wikimedia.org/wiki/File:San_Michele_in_Borgo,_Pisa.jpg",
        "hero_artist": "Lucarelli",
        "hero_license_name": "CC BY-SA 3.0",
        "hero_license_url": "https://creativecommons.org/licenses/by-sa/3.0",
        "website": "https://www.sanmicheleinborgo.info/",
        "wikidata_url": "https://www.wikidata.org/wiki/Q3506865",
        "osm_url": "https://www.openstreetmap.org/way/159525352"
      }
    },
    {
      "type": "Feature",
      "id": "Q3506968",
      "geometry": {
        "type": "Point",
        "coordinates": [
          10.40444,
          43.71756
        ]
      },
      "properties": {
        "id": "Q3506968",
        "slug": "chiesa-di-san-paolo-all-orto-q3506968",
        "name": "chiesa di San Paolo all'Orto",
        "church_type": "church",
        "region": "Tuscany",
        "historic_scope": "historic",
        "date_display": "12th century",
        "date_kind": "century",
        "start_year": 1101,
        "end_year": 1200,
        "date_source": "wikidata",
        "date_basis": "inception",
        "date_source_name": "Wikidata",
        "date_source_url": "https://www.wikidata.org/wiki/Q3506968",
        "date_sources": [
          {
            "name": "Wikidata",
            "url": "https://www.wikidata.org/wiki/Q3506968",
            "source_id": "Q3506968"
          }
        ],
        "historical_phases": [],
        "coordinate_source": "wikidata",
        "hero_image": "https://upload.wikimedia.org/wikipedia/commons/8/8b/Pisa_san_Paolo_all%27Orto.JPG",
        "hero_filename": "Pisa san Paolo all'Orto.JPG",
        "hero_description_url": "https://commons.wikimedia.org/wiki/File:Pisa_san_Paolo_all%27Orto.JPG",
        "hero_artist": "Paolo Fisicaro",
        "hero_license_name": "CC BY-SA 3.0",
        "hero_license_url": "http://creativecommons.org/licenses/by-sa/3.0/",
        "website": null,
        "wikidata_url": "https://www.wikidata.org/wiki/Q3506968",
        "osm_url": "https://www.openstreetmap.org/way/241614966"
      }
    },
    {
      "type": "Feature",
      "id": "Q3581520",
      "geometry": {
        "type": "Point",
        "coordinates": [
          11.338898,
          43.317805
        ]
      },
      "properties": {
        "id": "Q3581520",
        "slug": "chiesa-di-san-gaetano-di-thiene-q3581520",
        "name": "chiesa di San Gaetano di Thiene",
        "church_type": "church",
        "region": "Tuscany",
        "historic_scope": "historic",
        "date_display": "1685",
        "date_kind": "year",
        "start_year": 1685,
        "end_year": 1685,
        "date_source": "wikidata",
        "date_basis": "inception",
        "date_source_name": "Wikidata",
        "date_source_url": "https://www.wikidata.org/wiki/Q3581520",
        "date_sources": [
          {
            "name": "Wikidata",
            "url": "https://www.wikidata.org/wiki/Q3581520",
            "source_id": "Q3581520"
          }
        ],
        "historical_phases": [],
        "coordinate_source": "wikidata",
        "hero_image": "https://upload.wikimedia.org/wikipedia/commons/thumb/c/cb/SienaChiesaSanGaetanoDiThiene2.jpg/1920px-SienaChiesaSanGaetanoDiThiene2.jpg",
        "hero_filename": "SienaChiesaSanGaetanoDiThiene2.jpg",
        "hero_description_url": "https://commons.wikimedia.org/wiki/File:SienaChiesaSanGaetanoDiThiene2.jpg",
        "hero_artist": "LigaDue",
        "hero_license_name": "CC BY-SA 4.0",
        "hero_license_url": "https://creativecommons.org/licenses/by-sa/4.0",
        "website": "http://www.nobilecontradadelnicchio.it/Rione.aspx",
        "wikidata_url": "https://www.wikidata.org/wiki/Q3581520",
        "osm_url": "https://www.openstreetmap.org/way/47088268"
      }
    },
    {
      "type": "Feature",
      "id": "Q3585329",
      "geometry": {
        "type": "Point",
        "coordinates": [
          11.22609,
          43.79052
        ]
      },
      "properties": {
        "id": "Q3585329",
        "slug": "chiesa-di-san-donato-in-polverosa-q3585329",
        "name": "chiesa di San Donato in Polverosa",
        "church_type": "church",
        "region": "Tuscany",
        "historic_scope": "historic",
        "date_display": "1187",
        "date_kind": "year",
        "start_year": 1187,
        "end_year": 1187,
        "date_source": "wikidata",
        "date_basis": "inception",
        "date_source_name": "Wikidata",
        "date_source_url": "https://www.wikidata.org/wiki/Q3585329",
        "date_sources": [
          {
            "name": "Wikidata",
            "url": "https://www.wikidata.org/wiki/Q3585329",
            "source_id": "Q3585329"
          }
        ],
        "historical_phases": [],
        "coordinate_source": "wikidata",
        "hero_image": "https://upload.wikimedia.org/wikipedia/commons/thumb/2/24/San_donato_in_polverosa%2C_esterno_dopo_lavori%2C_01.jpg/1920px-San_donato_in_polverosa%2C_esterno_dopo_lavori%2C_01.jpg",
        "hero_filename": "San donato in polverosa, esterno dopo lavori, 01.jpg",
        "hero_description_url": "https://commons.wikimedia.org/wiki/File:San_donato_in_polverosa,_esterno_dopo_lavori,_01.jpg",
        "hero_artist": "Sailko",
        "hero_license_name": "CC BY 3.0",
        "hero_license_url": "https://creativecommons.org/licenses/by/3.0",
        "website": "https://www.sandonatoinpolverosa.it",
        "wikidata_url": "https://www.wikidata.org/wiki/Q3585329",
        "osm_url": "https://www.openstreetmap.org/way/294480509"
      }
    },
    {
      "type": "Feature",
      "id": "Q3585333",
      "geometry": {
        "type": "Point",
        "coordinates": [
          11.24766,
          43.76517
        ]
      },
      "properties": {
        "id": "Q3585333",
        "slug": "chiesa-di-san-felice-in-piazza-q3585333",
        "name": "chiesa di San Felice in Piazza",
        "church_type": "church",
        "region": "Tuscany",
        "historic_scope": "historic",
        "date_display": "1060",
        "date_kind": "year",
        "start_year": 1060,
        "end_year": 1060,
        "date_source": "wikidata",
        "date_basis": "inception",
        "date_source_name": "Wikidata",
        "date_source_url": "https://www.wikidata.org/wiki/Q3585333",
        "date_sources": [
          {
            "name": "Wikidata",
            "url": "https://www.wikidata.org/wiki/Q3585333",
            "source_id": "Q3585333"
          }
        ],
        "historical_phases": [],
        "coordinate_source": "wikidata",
        "hero_image": "https://upload.wikimedia.org/wikipedia/commons/0/09/San_felice_in_piazza%2C_facciata.JPG",
        "hero_filename": "San felice in piazza, facciata.JPG",
        "hero_description_url": "https://commons.wikimedia.org/wiki/File:San_felice_in_piazza,_facciata.JPG",
        "hero_artist": "sailko",
        "hero_license_name": "CC BY 2.5",
        "hero_license_url": "https://creativecommons.org/licenses/by/2.5",
        "website": null,
        "wikidata_url": "https://www.wikidata.org/wiki/Q3585333",
        "osm_url": "https://www.openstreetmap.org/way/305683142"
      }
    },
    {
      "type": "Feature",
      "id": "Q3585340",
      "geometry": {
        "type": "Point",
        "coordinates": [
          11.25494,
          43.7653
        ]
      },
      "properties": {
        "id": "Q3585340",
        "slug": "chiesa-di-san-giorgio-alla-costa-q3585340",
        "name": "chiesa di San Giorgio alla Costa",
        "church_type": "church",
        "region": "Tuscany",
        "historic_scope": "historic",
        "date_display": "15th century",
        "date_kind": "century",
        "start_year": 1401,
        "end_year": 1500,
        "date_source": "wikidata",
        "date_basis": "inception",
        "date_source_name": "Wikidata",
        "date_source_url": "https://www.wikidata.org/wiki/Q3585340",
        "date_sources": [
          {
            "name": "Wikidata",
            "url": "https://www.wikidata.org/wiki/Q3585340",
            "source_id": "Q3585340"
          }
        ],
        "historical_phases": [],
        "coordinate_source": "wikidata",
        "hero_image": "https://upload.wikimedia.org/wikipedia/commons/thumb/1/14/San_giorgio_alla_costa_11.JPG/1920px-San_giorgio_alla_costa_11.JPG",
        "hero_filename": "San giorgio alla costa 11.JPG",
        "hero_description_url": "https://commons.wikimedia.org/wiki/File:San_giorgio_alla_costa_11.JPG",
        "hero_artist": "sailko",
        "hero_license_name": "CC BY 2.5",
        "hero_license_url": "https://creativecommons.org/licenses/by/2.5",
        "website": null,
        "wikidata_url": "https://www.wikidata.org/wiki/Q3585340",
        "osm_url": "https://www.openstreetmap.org/way/474366870"
      }
    },
    {
      "type": "Feature",
      "id": "Q3603204",
      "geometry": {
        "type": "Point",
        "coordinates": [
          11.29922,
          43.75532
        ]
      },
      "properties": {
        "id": "Q3603204",
        "slug": "abbazia-di-san-bartolomeo-a-ripoli-q3603204",
        "name": "abbazia di San Bartolomeo a Ripoli",
        "church_type": "church",
        "region": "Tuscany",
        "historic_scope": "historic",
        "date_display": "1731",
        "date_kind": "year",
        "start_year": 1731,
        "end_year": 1731,
        "date_source": "wikidata",
        "date_basis": "inception",
        "date_source_name": "Wikidata",
        "date_source_url": "https://www.wikidata.org/wiki/Q3603204",
        "date_sources": [
          {
            "name": "Wikidata",
            "url": "https://www.wikidata.org/wiki/Q3603204",
            "source_id": "Q3603204"
          }
        ],
        "historical_phases": [],
        "coordinate_source": "wikidata",
        "hero_image": "https://upload.wikimedia.org/wikipedia/commons/d/df/Bartolomeo_a_ripoli_01.JPG",
        "hero_filename": "Bartolomeo a ripoli 01.JPG",
        "hero_description_url": "https://commons.wikimedia.org/wiki/File:Bartolomeo_a_ripoli_01.JPG",
        "hero_artist": "sailko",
        "hero_license_name": "CC BY 2.5",
        "hero_license_url": "https://creativecommons.org/licenses/by/2.5",
        "website": null,
        "wikidata_url": "https://www.wikidata.org/wiki/Q3603204",
        "osm_url": "https://www.openstreetmap.org/way/98315398"
      }
    },
    {
      "type": "Feature",
      "id": "Q3635657",
      "geometry": {
        "type": "Point",
        "coordinates": [
          11.0935,
          43.8818
        ]
      },
      "properties": {
        "id": "Q3635657",
        "slug": "basilica-dei-santi-vincenzo-e-caterina-de-ricci-q3635657",
        "name": "basilica dei Santi Vincenzo e Caterina de' Ricci",
        "church_type": "basilica",
        "region": "Tuscany",
        "historic_scope": "historic",
        "date_display": "15th century",
        "date_kind": "century",
        "start_year": 1401,
        "end_year": 1500,
        "date_source": "wikidata",
        "date_basis": "inception",
        "date_source_name": "Wikidata",
        "date_source_url": "https://www.wikidata.org/wiki/Q3635657",
        "date_sources": [
          {
            "name": "Wikidata",
            "url": "https://www.wikidata.org/wiki/Q3635657",
            "source_id": "Q3635657"
          }
        ],
        "historical_phases": [],
        "coordinate_source": "wikidata",
        "hero_image": "https://upload.wikimedia.org/wikipedia/commons/f/f6/Basilica_di_Santa_Caterina_de%27_Ricci_01.JPG",
        "hero_filename": "Basilica di Santa Caterina de' Ricci 01.JPG",
        "hero_description_url": "https://commons.wikimedia.org/wiki/File:Basilica_di_Santa_Caterina_de%27_Ricci_01.JPG",
        "hero_artist": "Sailko",
        "hero_license_name": "CC BY 2.5",
        "hero_license_url": "https://creativecommons.org/licenses/by/2.5",
        "website": null,
        "wikidata_url": "https://www.wikidata.org/wiki/Q3635657",
        "osm_url": "https://www.openstreetmap.org/way/366209548"
      }
    },
    {
      "type": "Feature",
      "id": "Q3657606",
      "geometry": {
        "type": "Point",
        "coordinates": [
          10.31893333,
          43.53207222
        ]
      },
      "properties": {
        "id": "Q3657606",
        "slug": "cappella-di-san-michele-arcangelo-e-della-visitazione-di-maria-q3657606",
        "name": "cappella di San Michele Arcangelo e della Visitazione di Maria",
        "church_type": "church",
        "region": "Tuscany",
        "historic_scope": "historic",
        "date_display": "1703",
        "date_kind": "year",
        "start_year": 1703,
        "end_year": 1703,
        "date_source": "wikidata",
        "date_basis": "inception",
        "date_source_name": "Wikidata",
        "date_source_url": "https://www.wikidata.org/wiki/Q3657606",
        "date_sources": [
          {
            "name": "Wikidata",
            "url": "https://www.wikidata.org/wiki/Q3657606",
            "source_id": "Q3657606"
          }
        ],
        "historical_phases": [],
        "coordinate_source": "wikidata",
        "hero_image": "https://upload.wikimedia.org/wikipedia/commons/thumb/7/73/Cappella_di_San_Michele_Arcangelo_e_della_Visitazione_di_Maria%2C_Livorno.JPG/1920px-Cappella_di_San_Michele_Arcangelo_e_della_Visitazione_di_Maria%2C_Livorno.JPG",
        "hero_filename": "Cappella di San Michele Arcangelo e della Visitazione di Maria, Livorno.JPG",
        "hero_description_url": "https://commons.wikimedia.org/wiki/File:Cappella_di_San_Michele_Arcangelo_e_della_Visitazione_di_Maria,_Livorno.JPG",
        "hero_artist": "Lucarelli",
        "hero_license_name": "CC BY-SA 3.0",
        "hero_license_url": "https://creativecommons.org/licenses/by-sa/3.0",
        "website": null,
        "wikidata_url": "https://www.wikidata.org/wiki/Q3657606",
        "osm_url": "https://www.openstreetmap.org/way/145643576"
      }
    },
    {
      "type": "Feature",
      "id": "Q3657663",
      "geometry": {
        "type": "Point",
        "coordinates": [
          11.114861111111,
          42.75875
        ]
      },
      "properties": {
        "id": "Q3657663",
        "slug": "cappella-di-santa-barbara-a-porta-vecchia-q3657663",
        "name": "cappella di Santa Barbara a Porta Vecchia",
        "church_type": "church",
        "region": "Tuscany",
        "historic_scope": "historic",
        "date_display": "1605",
        "date_kind": "year",
        "start_year": 1605,
        "end_year": 1605,
        "date_source": "wikidata",
        "date_basis": "inception",
        "date_source_name": "Wikidata",
        "date_source_url": "https://www.wikidata.org/wiki/Q3657663",
        "date_sources": [
          {
            "name": "Wikidata",
            "url": "https://www.wikidata.org/wiki/Q3657663",
            "source_id": "Q3657663"
          }
        ],
        "historical_phases": [],
        "coordinate_source": "wikidata",
        "hero_image": null,
        "hero_filename": null,
        "hero_description_url": null,
        "hero_artist": null,
        "hero_license_name": null,
        "hero_license_url": null,
        "website": null,
        "wikidata_url": "https://www.wikidata.org/wiki/Q3657663",
        "osm_url": null
      }
    },
    {
      "type": "Feature",
      "id": "Q3657685",
      "geometry": {
        "type": "Point",
        "coordinates": [
          11.192396,
          43.777901
        ]
      },
      "properties": {
        "id": "Q3657685",
        "slug": "cappella-di-santa-maria-assunta-q3657685",
        "name": "cappella di Santa Maria Assunta",
        "church_type": "church",
        "region": "Tuscany",
        "historic_scope": "historic",
        "date_display": "1752",
        "date_kind": "year",
        "start_year": 1752,
        "end_year": 1752,
        "date_source": "wikidata",
        "date_basis": "inception",
        "date_source_name": "Wikidata",
        "date_source_url": "https://www.wikidata.org/wiki/Q3657685",
        "date_sources": [
          {
            "name": "Wikidata",
            "url": "https://www.wikidata.org/wiki/Q3657685",
            "source_id": "Q3657685"
          }
        ],
        "historical_phases": [],
        "coordinate_source": "wikidata",
        "hero_image": null,
        "hero_filename": null,
        "hero_description_url": null,
        "hero_artist": null,
        "hero_license_name": null,
        "hero_license_url": null,
        "website": null,
        "wikidata_url": "https://www.wikidata.org/wiki/Q3657685",
        "osm_url": "https://www.openstreetmap.org/way/306523267"
      }
    },
    {
      "type": "Feature",
      "id": "Q3667914",
      "geometry": {
        "type": "Point",
        "coordinates": [
          10.309955,
          43.552405
        ]
      },
      "properties": {
        "id": "Q3667914",
        "slug": "chiesa-armena-di-san-gregorio-illuminatore-q3667914",
        "name": "chiesa armena di San Gregorio Illuminatore",
        "church_type": "church",
        "region": "Tuscany",
        "historic_scope": "historic",
        "date_display": "1701",
        "date_kind": "year",
        "start_year": 1701,
        "end_year": 1701,
        "date_source": "wikidata",
        "date_basis": "inception",
        "date_source_name": "Wikidata",
        "date_source_url": "https://www.wikidata.org/wiki/Q3667914",
        "date_sources": [
          {
            "name": "Wikidata",
            "url": "https://www.wikidata.org/wiki/Q3667914",
            "source_id": "Q3667914"
          }
        ],
        "historical_phases": [],
        "coordinate_source": "wikidata",
        "hero_image": "https://upload.wikimedia.org/wikipedia/commons/thumb/2/20/Chiesa_di_S.Gregorio_a_Livorno.jpg/1920px-Chiesa_di_S.Gregorio_a_Livorno.jpg",
        "hero_filename": "Chiesa di S.Gregorio a Livorno.jpg",
        "hero_description_url": "https://commons.wikimedia.org/wiki/File:Chiesa_di_S.Gregorio_a_Livorno.jpg",
        "hero_artist": "Etienne (Li)",
        "hero_license_name": "CC BY-SA 3.0",
        "hero_license_url": "https://creativecommons.org/licenses/by-sa/3.0",
        "website": null,
        "wikidata_url": "https://www.wikidata.org/wiki/Q3667914",
        "osm_url": "https://www.openstreetmap.org/way/969523715"
      }
    },
    {
      "type": "Feature",
      "id": "Q3668157",
      "geometry": {
        "type": "Point",
        "coordinates": [
          11.25012,
          43.7937
        ]
      },
      "properties": {
        "id": "Q3668157",
        "slug": "chiesa-dei-santi-francesco-e-chiara-q3668157",
        "name": "chiesa dei Santi Francesco e Chiara",
        "church_type": "church",
        "region": "Tuscany",
        "historic_scope": "historic",
        "date_display": "1623",
        "date_kind": "year",
        "start_year": 1623,
        "end_year": 1623,
        "date_source": "wikidata",
        "date_basis": "inception",
        "date_source_name": "Wikidata",
        "date_source_url": "https://www.wikidata.org/wiki/Q3668157",
        "date_sources": [
          {
            "name": "Wikidata",
            "url": "https://www.wikidata.org/wiki/Q3668157",
            "source_id": "Q3668157"
          }
        ],
        "historical_phases": [],
        "coordinate_source": "wikidata",
        "hero_image": "https://upload.wikimedia.org/wikipedia/commons/thumb/9/9d/Firenze_-_Chiesa_dei_Frati_minori_Cappuccini_di_Montughi.jpg/1920px-Firenze_-_Chiesa_dei_Frati_minori_Cappuccini_di_Montughi.jpg",
        "hero_filename": "Firenze - Chiesa dei Frati minori Cappuccini di Montughi.jpg",
        "hero_description_url": "https://commons.wikimedia.org/wiki/File:Firenze_-_Chiesa_dei_Frati_minori_Cappuccini_di_Montughi.jpg",
        "hero_artist": "ConcorsoWIKI",
        "hero_license_name": "CC BY-SA 4.0",
        "hero_license_url": "https://creativecommons.org/licenses/by-sa/4.0",
        "website": null,
        "wikidata_url": "https://www.wikidata.org/wiki/Q3668157",
        "osm_url": "https://www.openstreetmap.org/way/458974490"
      }
    },
    {
      "type": "Feature",
      "id": "Q3668382",
      "geometry": {
        "type": "Point",
        "coordinates": [
          11.326834,
          43.312634
        ]
      },
      "properties": {
        "id": "Q3668382",
        "slug": "chiesa-dei-santi-pietro-e-paolo-q3668382",
        "name": "chiesa dei Santi Pietro e Paolo",
        "church_type": "church",
        "region": "Tuscany",
        "historic_scope": "historic",
        "date_display": "1622",
        "date_kind": "year",
        "start_year": 1622,
        "end_year": 1622,
        "date_source": "wikidata",
        "date_basis": "inception",
        "date_source_name": "Wikidata",
        "date_source_url": "https://www.wikidata.org/wiki/Q3668382",
        "date_sources": [
          {
            "name": "Wikidata",
            "url": "https://www.wikidata.org/wiki/Q3668382",
            "source_id": "Q3668382"
          }
        ],
        "historical_phases": [],
        "coordinate_source": "wikidata",
        "hero_image": "https://upload.wikimedia.org/wikipedia/commons/thumb/2/26/Santi_Pietro_e_Paolo_%28Siena%29_02.JPG/1920px-Santi_Pietro_e_Paolo_%28Siena%29_02.JPG",
        "hero_filename": "Santi Pietro e Paolo (Siena) 02.JPG",
        "hero_description_url": "https://commons.wikimedia.org/wiki/File:Santi_Pietro_e_Paolo_(Siena)_02.JPG",
        "hero_artist": "Sailko",
        "hero_license_name": "CC BY 3.0",
        "hero_license_url": "https://creativecommons.org/licenses/by/3.0",
        "website": "http://www.contradadellachiocciola.it/modules/edito/edito.php?idedito=10",
        "wikidata_url": "https://www.wikidata.org/wiki/Q3668382",
        "osm_url": "https://www.openstreetmap.org/way/47984377"
      }
    },
    {
      "type": "Feature",
      "id": "Q3668503",
      "geometry": {
        "type": "Point",
        "coordinates": [
          10.0987,
          44.07853
        ]
      },
      "properties": {
        "id": "Q3668503",
        "slug": "chiesa-del-carmine-q3668503",
        "name": "chiesa del Carmine",
        "church_type": "church",
        "region": "Tuscany",
        "historic_scope": "historic",
        "date_display": "1605",
        "date_kind": "year",
        "start_year": 1605,
        "end_year": 1605,
        "date_source": "wikidata",
        "date_basis": "inception",
        "date_source_name": "Wikidata",
        "date_source_url": "https://www.wikidata.org/wiki/Q3668503",
        "date_sources": [
          {
            "name": "Wikidata",
            "url": "https://www.wikidata.org/wiki/Q3668503",
            "source_id": "Q3668503"
          }
        ],
        "historical_phases": [],
        "coordinate_source": "wikidata",
        "hero_image": "https://upload.wikimedia.org/wikipedia/commons/thumb/0/06/%C3%89glise_Carmine_-_Carrare_%28IT52%29_-_2022-08-28_-_3.jpg/1920px-%C3%89glise_Carmine_-_Carrare_%28IT52%29_-_2022-08-28_-_3.jpg",
        "hero_filename": "Église Carmine - Carrare (IT52) - 2022-08-28 - 3.jpg",
        "hero_description_url": "https://commons.wikimedia.org/wiki/File:%C3%89glise_Carmine_-_Carrare_(IT52)_-_2022-08-28_-_3.jpg",
        "hero_artist": "Chabe01",
        "hero_license_name": "CC BY-SA 4.0",
        "hero_license_url": "https://creativecommons.org/licenses/by-sa/4.0",
        "website": null,
        "wikidata_url": "https://www.wikidata.org/wiki/Q3668503",
        "osm_url": "https://www.openstreetmap.org/way/269192941"
      }
    },
    {
      "type": "Feature",
      "id": "Q3668604",
      "geometry": {
        "type": "Point",
        "coordinates": [
          14.6696,
          41.5614
        ]
      },
      "properties": {
        "id": "Q3668604",
        "slug": "chiesa-del-sacro-cuore-di-gesu-q3668604",
        "name": "chiesa del Sacro Cuore di Gesù",
        "church_type": "church",
        "region": "Molise",
        "historic_scope": "historic",
        "date_display": "1589",
        "date_kind": "year",
        "start_year": 1589,
        "end_year": 1589,
        "date_source": "wikidata",
        "date_basis": "inception",
        "date_source_name": "Wikidata",
        "date_source_url": "https://www.wikidata.org/wiki/Q3668604",
        "date_sources": [
          {
            "name": "Wikidata",
            "url": "https://www.wikidata.org/wiki/Q3668604",
            "source_id": "Q3668604"
          }
        ],
        "historical_phases": [],
        "coordinate_source": "wikidata",
        "hero_image": null,
        "hero_filename": null,
        "hero_description_url": null,
        "hero_artist": null,
        "hero_license_name": null,
        "hero_license_url": null,
        "website": null,
        "wikidata_url": "https://www.wikidata.org/wiki/Q3668604",
        "osm_url": "https://www.openstreetmap.org/way/261652700"
      }
    },
    {
      "type": "Feature",
      "id": "Q3668695",
      "geometry": {
        "type": "Point",
        "coordinates": [
          11.339702,
          43.315405
        ]
      },
      "properties": {
        "id": "Q3668695",
        "slug": "chiesa-del-santuccio-q3668695",
        "name": "chiesa del Santuccio",
        "church_type": "church",
        "region": "Tuscany",
        "historic_scope": "historic",
        "date_display": "1352",
        "date_kind": "year",
        "start_year": 1352,
        "end_year": 1352,
        "date_source": "wikidata",
        "date_basis": "inception",
        "date_source_name": "Wikidata",
        "date_source_url": "https://www.wikidata.org/wiki/Q3668695",
        "date_sources": [
          {
            "name": "Wikidata",
            "url": "https://www.wikidata.org/wiki/Q3668695",
            "source_id": "Q3668695"
          }
        ],
        "historical_phases": [],
        "coordinate_source": "wikidata",
        "hero_image": "https://upload.wikimedia.org/wikipedia/commons/thumb/b/b2/Siena%2C_chiesa_del_santuccio.JPG/1920px-Siena%2C_chiesa_del_santuccio.JPG",
        "hero_filename": "Siena, chiesa del santuccio.JPG",
        "hero_description_url": "https://commons.wikimedia.org/wiki/File:Siena,_chiesa_del_santuccio.JPG",
        "hero_artist": "Sailko",
        "hero_license_name": "CC BY-SA 3.0",
        "hero_license_url": "https://creativecommons.org/licenses/by-sa/3.0",
        "website": "http://www.polomusealetoscana.beniculturali.it/index.php?it/146/istituti-e-luoghi-della-cultura",
        "wikidata_url": "https://www.wikidata.org/wiki/Q3668695",
        "osm_url": "https://www.openstreetmap.org/way/47188323"
      }
    },
    {
      "type": "Feature",
      "id": "Q3668903",
      "geometry": {
        "type": "Point",
        "coordinates": [
          10.310143,
          43.552137
        ]
      },
      "properties": {
        "id": "Q3668903",
        "slug": "chiesa-della-madonna-q3668903",
        "name": "chiesa della Madonna",
        "church_type": "church",
        "region": "Tuscany",
        "historic_scope": "historic",
        "date_display": "1607",
        "date_kind": "year",
        "start_year": 1607,
        "end_year": 1607,
        "date_source": "wikidata",
        "date_basis": "inception",
        "date_source_name": "Wikidata",
        "date_source_url": "https://www.wikidata.org/wiki/Q3668903",
        "date_sources": [
          {
            "name": "Wikidata",
            "url": "https://www.wikidata.org/wiki/Q3668903",
            "source_id": "Q3668903"
          }
        ],
        "historical_phases": [],
        "coordinate_source": "wikidata",
        "hero_image": "https://upload.wikimedia.org/wikipedia/commons/thumb/7/76/Chiesa_della_Madonna_Livorno.JPG/1920px-Chiesa_della_Madonna_Livorno.JPG",
        "hero_filename": "Chiesa della Madonna Livorno.JPG",
        "hero_description_url": "https://commons.wikimedia.org/wiki/File:Chiesa_della_Madonna_Livorno.JPG",
        "hero_artist": "Luca Aless",
        "hero_license_name": "CC BY-SA 3.0",
        "hero_license_url": "https://creativecommons.org/licenses/by-sa/3.0",
        "website": null,
        "wikidata_url": "https://www.wikidata.org/wiki/Q3668903",
        "osm_url": "https://www.openstreetmap.org/way/294488831"
      }
    },
    {
      "type": "Feature",
      "id": "Q3668916",
      "geometry": {
        "type": "Point",
        "coordinates": [
          10.399583333333,
          43.716777777778
        ]
      },
      "properties": {
        "id": "Q3668916",
        "slug": "chiesa-della-madonna-dei-galletti-q3668916",
        "name": "chiesa della Madonna dei Galletti",
        "church_type": "church",
        "region": "Tuscany",
        "historic_scope": "historic",
        "date_display": "1757",
        "date_kind": "year",
        "start_year": 1757,
        "end_year": 1757,
        "date_source": "wikidata",
        "date_basis": "inception",
        "date_source_name": "Wikidata",
        "date_source_url": "https://www.wikidata.org/wiki/Q3668916",
        "date_sources": [
          {
            "name": "Wikidata",
            "url": "https://www.wikidata.org/wiki/Q3668916",
            "source_id": "Q3668916"
          }
        ],
        "historical_phases": [],
        "coordinate_source": "wikidata",
        "hero_image": "https://upload.wikimedia.org/wikipedia/commons/thumb/4/4e/Madonna_dei_Galletti_-_2025-10-19.jpg/1920px-Madonna_dei_Galletti_-_2025-10-19.jpg",
        "hero_filename": "Madonna dei Galletti - 2025-10-19.jpg",
        "hero_description_url": "https://commons.wikimedia.org/wiki/File:Madonna_dei_Galletti_-_2025-10-19.jpg",
        "hero_artist": "DnaX",
        "hero_license_name": "CC BY-SA 4.0",
        "hero_license_url": "https://creativecommons.org/licenses/by-sa/4.0",
        "website": null,
        "wikidata_url": "https://www.wikidata.org/wiki/Q3668916",
        "osm_url": "https://www.openstreetmap.org/way/341184390"
      }
    },
    {
      "type": "Feature",
      "id": "Q3668990",
      "geometry": {
        "type": "Point",
        "coordinates": [
          10.13812,
          44.03478
        ]
      },
      "properties": {
        "id": "Q3668990",
        "slug": "chiesa-della-madonna-della-misericordia-q3668990",
        "name": "chiesa della Madonna della Misericordia",
        "church_type": "church",
        "region": "Tuscany",
        "historic_scope": "historic",
        "date_display": "1628",
        "date_kind": "year",
        "start_year": 1628,
        "end_year": 1628,
        "date_source": "wikidata",
        "date_basis": "inception",
        "date_source_name": "Wikidata",
        "date_source_url": "https://www.wikidata.org/wiki/Q3668990",
        "date_sources": [
          {
            "name": "Wikidata",
            "url": "https://www.wikidata.org/wiki/Q3668990",
            "source_id": "Q3668990"
          }
        ],
        "historical_phases": [],
        "coordinate_source": "wikidata",
        "hero_image": "https://upload.wikimedia.org/wikipedia/commons/thumb/5/5c/Massa-chiesa_Misericordia-complesso1.jpg/1920px-Massa-chiesa_Misericordia-complesso1.jpg",
        "hero_filename": "Massa-chiesa Misericordia-complesso1.jpg",
        "hero_description_url": "https://commons.wikimedia.org/wiki/File:Massa-chiesa_Misericordia-complesso1.jpg",
        "hero_artist": "Davide Papalini",
        "hero_license_name": "CC BY-SA 3.0",
        "hero_license_url": "https://creativecommons.org/licenses/by-sa/3.0",
        "website": "http://terredelfrigido.comune.massa.ms.it/node/45",
        "wikidata_url": "https://www.wikidata.org/wiki/Q3668990",
        "osm_url": "https://www.openstreetmap.org/way/135541722"
      }
    },
    {
      "type": "Feature",
      "id": "Q3669071",
      "geometry": {
        "type": "Point",
        "coordinates": [
          11.3265,
          43.3267
        ]
      },
      "properties": {
        "id": "Q3669071",
        "slug": "chiesa-della-maria-santissima-del-rosario-q3669071",
        "name": "chiesa della Maria Santissima del Rosario",
        "church_type": "church",
        "region": "Tuscany",
        "historic_scope": "historic",
        "date_display": "1348",
        "date_kind": "year",
        "start_year": 1348,
        "end_year": 1348,
        "date_source": "wikidata",
        "date_basis": "inception",
        "date_source_name": "Wikidata",
        "date_source_url": "https://www.wikidata.org/wiki/Q3669071",
        "date_sources": [
          {
            "name": "Wikidata",
            "url": "https://www.wikidata.org/wiki/Q3669071",
            "source_id": "Q3669071"
          }
        ],
        "historical_phases": [],
        "coordinate_source": "wikidata",
        "hero_image": "https://upload.wikimedia.org/wikipedia/commons/thumb/f/f3/SienaMariaSantissimaDelRosario5.jpg/1920px-SienaMariaSantissimaDelRosario5.jpg",
        "hero_filename": "SienaMariaSantissimaDelRosario5.jpg",
        "hero_description_url": "https://commons.wikimedia.org/wiki/File:SienaMariaSantissimaDelRosario5.jpg",
        "hero_artist": "LigaDue",
        "hero_license_name": "CC BY-SA 4.0",
        "hero_license_url": "https://creativecommons.org/licenses/by-sa/4.0",
        "website": null,
        "wikidata_url": "https://www.wikidata.org/wiki/Q3669071",
        "osm_url": null
      }
    },
    {
      "type": "Feature",
      "id": "Q3669167",
      "geometry": {
        "type": "Point",
        "coordinates": [
          10.310374,
          43.551763
        ]
      },
      "properties": {
        "id": "Q3669167",
        "slug": "chiesa-della-santissima-annunziata-q3669167",
        "name": "chiesa della Santissima Annunziata",
        "church_type": "church",
        "region": "Tuscany",
        "historic_scope": "historic",
        "date_display": "1601",
        "date_kind": "year",
        "start_year": 1601,
        "end_year": 1601,
        "date_source": "wikidata",
        "date_basis": "inception",
        "date_source_name": "Wikidata",
        "date_source_url": "https://www.wikidata.org/wiki/Q3669167",
        "date_sources": [
          {
            "name": "Wikidata",
            "url": "https://www.wikidata.org/wiki/Q3669167",
            "source_id": "Q3669167"
          }
        ],
        "historical_phases": [],
        "coordinate_source": "wikidata",
        "hero_image": "https://upload.wikimedia.org/wikipedia/commons/thumb/d/d1/Livorno%2C_chiesa_dei_greci_uniti%2C_esterno%2C_facciata_01.jpg/1920px-Livorno%2C_chiesa_dei_greci_uniti%2C_esterno%2C_facciata_01.jpg",
        "hero_filename": "Livorno, chiesa dei greci uniti, esterno, facciata 01.jpg",
        "hero_description_url": "https://commons.wikimedia.org/wiki/File:Livorno,_chiesa_dei_greci_uniti,_esterno,_facciata_01.jpg",
        "hero_artist": "Sailko",
        "hero_license_name": "CC BY 3.0",
        "hero_license_url": "https://creativecommons.org/licenses/by/3.0",
        "website": null,
        "wikidata_url": "https://www.wikidata.org/wiki/Q3669167",
        "osm_url": "https://www.openstreetmap.org/way/1266847933"
      }
    },
    {
      "type": "Feature",
      "id": "Q3669184",
      "geometry": {
        "type": "Point",
        "coordinates": [
          11.3285,
          43.3171
        ]
      },
      "properties": {
        "id": "Q3669184",
        "slug": "chiesa-della-santissima-annunziata-q3669184",
        "name": "chiesa della Santissima Annunziata",
        "church_type": "church",
        "region": "Tuscany",
        "historic_scope": "historic",
        "date_display": "1257",
        "date_kind": "year",
        "start_year": 1257,
        "end_year": 1257,
        "date_source": "wikidata",
        "date_basis": "inception",
        "date_source_name": "Wikidata",
        "date_source_url": "https://www.wikidata.org/wiki/Q3669184",
        "date_sources": [
          {
            "name": "Wikidata",
            "url": "https://www.wikidata.org/wiki/Q3669184",
            "source_id": "Q3669184"
          }
        ],
        "historical_phases": [],
        "coordinate_source": "wikidata",
        "hero_image": "https://upload.wikimedia.org/wikipedia/commons/thumb/3/32/Santissima_Annunziata_%28Siena%29_02.JPG/1920px-Santissima_Annunziata_%28Siena%29_02.JPG",
        "hero_filename": "Santissima Annunziata (Siena) 02.JPG",
        "hero_description_url": "https://commons.wikimedia.org/wiki/File:Santissima_Annunziata_(Siena)_02.JPG",
        "hero_artist": "sailko",
        "hero_license_name": "CC BY-SA 3.0",
        "hero_license_url": "https://creativecommons.org/licenses/by-sa/3.0",
        "website": "https://www.santamariadellascala.com/it/",
        "wikidata_url": "https://www.wikidata.org/wiki/Q3669184",
        "osm_url": "https://www.openstreetmap.org/way/48174025"
      }
    },
    {
      "type": "Feature",
      "id": "Q3669276",
      "geometry": {
        "type": "Point",
        "coordinates": [
          11.2418,
          43.8135
        ]
      },
      "properties": {
        "id": "Q3669276",
        "slug": "chiesa-delle-suore-montalve-q3669276",
        "name": "chiesa delle Suore Montalve",
        "church_type": "church",
        "region": "Tuscany",
        "historic_scope": "historic",
        "date_display": "1686",
        "date_kind": "year",
        "start_year": 1686,
        "end_year": 1686,
        "date_source": "wikidata",
        "date_basis": "inception",
        "date_source_name": "Wikidata",
        "date_source_url": "https://www.wikidata.org/wiki/Q3669276",
        "date_sources": [
          {
            "name": "Wikidata",
            "url": "https://www.wikidata.org/wiki/Q3669276",
            "source_id": "Q3669276"
          }
        ],
        "historical_phases": [],
        "coordinate_source": "wikidata",
        "hero_image": "https://upload.wikimedia.org/wikipedia/commons/thumb/e/e0/Chiesa_delle_montalve.JPG/1920px-Chiesa_delle_montalve.JPG",
        "hero_filename": "Chiesa delle montalve.JPG",
        "hero_description_url": "https://commons.wikimedia.org/wiki/File:Chiesa_delle_montalve.JPG",
        "hero_artist": "sailko",
        "hero_license_name": "CC BY 2.5",
        "hero_license_url": "https://creativecommons.org/licenses/by/2.5",
        "website": null,
        "wikidata_url": "https://www.wikidata.org/wiki/Q3669276",
        "osm_url": "https://www.openstreetmap.org/way/305822221"
      }
    },
    {
      "type": "Feature",
      "id": "Q3669286",
      "geometry": {
        "type": "Point",
        "coordinates": [
          11.093725,
          43.87803333
        ]
      },
      "properties": {
        "id": "Q3669286",
        "slug": "chiesa-dello-spirito-santo-q3669286",
        "name": "chiesa dello Spirito Santo",
        "church_type": "church",
        "region": "Tuscany",
        "historic_scope": "historic",
        "date_display": "1340",
        "date_kind": "year",
        "start_year": 1340,
        "end_year": 1340,
        "date_source": "wikidata",
        "date_basis": "inception",
        "date_source_name": "Wikidata",
        "date_source_url": "https://www.wikidata.org/wiki/Q3669286",
        "date_sources": [
          {
            "name": "Wikidata",
            "url": "https://www.wikidata.org/wiki/Q3669286",
            "source_id": "Q3669286"
          }
        ],
        "historical_phases": [],
        "coordinate_source": "wikidata",
        "hero_image": "https://upload.wikimedia.org/wikipedia/commons/thumb/c/ce/Spirito_Santo-the_church.jpg/1920px-Spirito_Santo-the_church.jpg",
        "hero_filename": "Spirito Santo-the church.jpg",
        "hero_description_url": "https://commons.wikimedia.org/wiki/File:Spirito_Santo-the_church.jpg",
        "hero_artist": "Massimilianogalardi",
        "hero_license_name": "CC BY-SA 3.0",
        "hero_license_url": "https://creativecommons.org/licenses/by-sa/3.0",
        "website": "http://www.diocesiprato.it/pagina_template.asp?id=35&page_id=224&page_id2=240&page_id3=372",
        "wikidata_url": "https://www.wikidata.org/wiki/Q3669286",
        "osm_url": "https://www.openstreetmap.org/way/701934366"
      }
    },
    {
      "type": "Feature",
      "id": "Q3669504",
      "geometry": {
        "type": "Point",
        "coordinates": [
          11.25529722,
          43.77101944
        ]
      },
      "properties": {
        "id": "Q3669504",
        "slug": "chiesa-di-san-bartolomeo-q3669504",
        "name": "chiesa di San Bartolomeo",
        "church_type": "church",
        "region": "Tuscany",
        "historic_scope": "historic",
        "date_display": "11th century",
        "date_kind": "century",
        "start_year": 1001,
        "end_year": 1100,
        "date_source": "wikidata",
        "date_basis": "inception",
        "date_source_name": "Wikidata",
        "date_source_url": "https://www.wikidata.org/wiki/Q3669504",
        "date_sources": [
          {
            "name": "Wikidata",
            "url": "https://www.wikidata.org/wiki/Q3669504",
            "source_id": "Q3669504"
          }
        ],
        "historical_phases": [],
        "coordinate_source": "wikidata",
        "hero_image": null,
        "hero_filename": null,
        "hero_description_url": null,
        "hero_artist": null,
        "hero_license_name": null,
        "hero_license_url": null,
        "website": null,
        "wikidata_url": "https://www.wikidata.org/wiki/Q3669504",
        "osm_url": null
      }
    },
    {
      "type": "Feature",
      "id": "Q3669519",
      "geometry": {
        "type": "Point",
        "coordinates": [
          11.10191,
          43.87928
        ]
      },
      "properties": {
        "id": "Q3669519",
        "slug": "chiesa-di-san-bartolomeo-q3669519",
        "name": "chiesa di San Bartolomeo",
        "church_type": "church",
        "region": "Tuscany",
        "historic_scope": "historic",
        "date_display": "1316",
        "date_kind": "year",
        "start_year": 1316,
        "end_year": 1316,
        "date_source": "wikidata",
        "date_basis": "inception",
        "date_source_name": "Wikidata",
        "date_source_url": "https://www.wikidata.org/wiki/Q3669519",
        "date_sources": [
          {
            "name": "Wikidata",
            "url": "https://www.wikidata.org/wiki/Q3669519",
            "source_id": "Q3669519"
          }
        ],
        "historical_phases": [],
        "coordinate_source": "wikidata",
        "hero_image": "https://upload.wikimedia.org/wikipedia/commons/thumb/a/aa/San_bartolomeo.the_church.jpg/1920px-San_bartolomeo.the_church.jpg",
        "hero_filename": "San bartolomeo.the church.jpg",
        "hero_description_url": "https://commons.wikimedia.org/wiki/File:San_bartolomeo.the_church.jpg",
        "hero_artist": "Massimilianogalardi",
        "hero_license_name": "CC BY-SA 3.0",
        "hero_license_url": "https://creativecommons.org/licenses/by-sa/3.0",
        "website": null,
        "wikidata_url": "https://www.wikidata.org/wiki/Q3669519",
        "osm_url": "https://www.openstreetmap.org/way/323059215"
      }
    },
    {
      "type": "Feature",
      "id": "Q3669552",
      "geometry": {
        "type": "Point",
        "coordinates": [
          11.2309423,
          43.7712902
        ]
      },
      "properties": {
        "id": "Q3669552",
        "slug": "chiesa-di-san-bartolomeo-a-monte-oliveto-q3669552",
        "name": "chiesa di San Bartolomeo a Monte Oliveto",
        "church_type": "church",
        "region": "Tuscany",
        "historic_scope": "historic",
        "date_display": "1454",
        "date_kind": "year",
        "start_year": 1454,
        "end_year": 1454,
        "date_source": "wikidata",
        "date_basis": "inception",
        "date_source_name": "Wikidata",
        "date_source_url": "https://www.wikidata.org/wiki/Q3669552",
        "date_sources": [
          {
            "name": "Wikidata",
            "url": "https://www.wikidata.org/wiki/Q3669552",
            "source_id": "Q3669552"
          }
        ],
        "historical_phases": [],
        "coordinate_source": "manual",
        "hero_image": "https://upload.wikimedia.org/wikipedia/commons/thumb/7/7a/San_bartolomeo_a_monteoliveto%2C_esterno%2C_05.jpg/1920px-San_bartolomeo_a_monteoliveto%2C_esterno%2C_05.jpg",
        "hero_filename": "San bartolomeo a monteoliveto, esterno, 05.jpg",
        "hero_description_url": "https://commons.wikimedia.org/wiki/File:San_bartolomeo_a_monteoliveto,_esterno,_05.jpg",
        "hero_artist": "Francesco Bini",
        "hero_license_name": "CC BY-SA 4.0",
        "hero_license_url": "https://creativecommons.org/licenses/by-sa/4.0",
        "website": null,
        "wikidata_url": "https://www.wikidata.org/wiki/Q3669552",
        "osm_url": "https://www.openstreetmap.org/way/305428855"
      }
    },
    {
      "type": "Feature",
      "id": "Q3669596",
      "geometry": {
        "type": "Point",
        "coordinates": [
          11.257254,
          43.772329
        ]
      },
      "properties": {
        "id": "Q3669596",
        "slug": "chiesa-di-san-benedetto-q3669596",
        "name": "chiesa di San Benedetto",
        "church_type": "church",
        "region": "Tuscany",
        "historic_scope": "historic",
        "date_display": "1771",
        "date_kind": "year",
        "start_year": 1771,
        "end_year": 1771,
        "date_source": "wikidata",
        "date_basis": "inception",
        "date_source_name": "Wikidata",
        "date_source_url": "https://www.wikidata.org/wiki/Q3669596",
        "date_sources": [
          {
            "name": "Wikidata",
            "url": "https://www.wikidata.org/wiki/Q3669596",
            "source_id": "Q3669596"
          }
        ],
        "historical_phases": [],
        "coordinate_source": "wikidata",
        "hero_image": "https://upload.wikimedia.org/wikipedia/commons/thumb/6/64/Piazza_san_benedetto%2C_retro_della_chiesa_di_san_benedetto_02.jpg/1920px-Piazza_san_benedetto%2C_retro_della_chiesa_di_san_benedetto_02.jpg",
        "hero_filename": "Piazza san benedetto, retro della chiesa di san benedetto 02.jpg",
        "hero_description_url": "https://commons.wikimedia.org/wiki/File:Piazza_san_benedetto,_retro_della_chiesa_di_san_benedetto_02.jpg",
        "hero_artist": "Francesco Bini",
        "hero_license_name": "CC BY-SA 4.0",
        "hero_license_url": "https://creativecommons.org/licenses/by-sa/4.0",
        "website": null,
        "wikidata_url": "https://www.wikidata.org/wiki/Q3669596",
        "osm_url": "https://www.openstreetmap.org/node/3127386260"
      }
    },
    {
      "type": "Feature",
      "id": "Q3669825",
      "geometry": {
        "type": "Point",
        "coordinates": [
          11.3316,
          43.3201
        ]
      },
      "properties": {
        "id": "Q3669825",
        "slug": "chiesa-di-san-cristoforo-q3669825",
        "name": "chiesa di San Cristoforo",
        "church_type": "church",
        "region": "Tuscany",
        "historic_scope": "historic",
        "date_display": "11th century",
        "date_kind": "century",
        "start_year": 1001,
        "end_year": 1100,
        "date_source": "wikidata",
        "date_basis": "inception",
        "date_source_name": "Wikidata",
        "date_source_url": "https://www.wikidata.org/wiki/Q3669825",
        "date_sources": [
          {
            "name": "Wikidata",
            "url": "https://www.wikidata.org/wiki/Q3669825",
            "source_id": "Q3669825"
          }
        ],
        "historical_phases": [],
        "coordinate_source": "wikidata",
        "hero_image": "https://upload.wikimedia.org/wikipedia/commons/9/99/3166SienaSCristoforo.JPG",
        "hero_filename": "3166SienaSCristoforo.JPG",
        "hero_description_url": "https://commons.wikimedia.org/wiki/File:3166SienaSCristoforo.JPG",
        "hero_artist": "Geobia",
        "hero_license_name": "CC BY-SA 3.0",
        "hero_license_url": "https://creativecommons.org/licenses/by-sa/3.0",
        "website": null,
        "wikidata_url": "https://www.wikidata.org/wiki/Q3669825",
        "osm_url": "https://www.openstreetmap.org/way/45444510"
      }
    },
    {
      "type": "Feature",
      "id": "Q3669925",
      "geometry": {
        "type": "Point",
        "coordinates": [
          11.33149,
          43.32189
        ]
      },
      "properties": {
        "id": "Q3669925",
        "slug": "chiesa-di-san-donato-q3669925",
        "name": "chiesa di San Donato",
        "church_type": "church",
        "region": "Tuscany",
        "historic_scope": "historic",
        "date_display": "15th century",
        "date_kind": "century",
        "start_year": 1401,
        "end_year": 1500,
        "date_source": "wikidata",
        "date_basis": "inception",
        "date_source_name": "Wikidata",
        "date_source_url": "https://www.wikidata.org/wiki/Q3669925",
        "date_sources": [
          {
            "name": "Wikidata",
            "url": "https://www.wikidata.org/wiki/Q3669925",
            "source_id": "Q3669925"
          }
        ],
        "historical_phases": [],
        "coordinate_source": "wikidata",
        "hero_image": "https://upload.wikimedia.org/wikipedia/commons/thumb/7/7d/SienaSanDonato4.jpg/1920px-SienaSanDonato4.jpg",
        "hero_filename": "SienaSanDonato4.jpg",
        "hero_description_url": "https://commons.wikimedia.org/wiki/File:SienaSanDonato4.jpg",
        "hero_artist": "LigaDue",
        "hero_license_name": "CC BY-SA 4.0",
        "hero_license_url": "https://creativecommons.org/licenses/by-sa/4.0",
        "website": null,
        "wikidata_url": "https://www.wikidata.org/wiki/Q3669925",
        "osm_url": "https://www.openstreetmap.org/way/53271879"
      }
    },
    {
      "type": "Feature",
      "id": "Q3669937",
      "geometry": {
        "type": "Point",
        "coordinates": [
          11.252418,
          43.771866
        ]
      },
      "properties": {
        "id": "Q3669937",
        "slug": "chiesa-di-san-donato-dei-vecchietti-q3669937",
        "name": "chiesa di San Donato dei Vecchietti",
        "church_type": "church",
        "region": "Tuscany",
        "historic_scope": "historic",
        "date_display": "1068",
        "date_kind": "year",
        "start_year": 1068,
        "end_year": 1068,
        "date_source": "wikidata",
        "date_basis": "inception",
        "date_source_name": "Wikidata",
        "date_source_url": "https://www.wikidata.org/wiki/Q3669937",
        "date_sources": [
          {
            "name": "Wikidata",
            "url": "https://www.wikidata.org/wiki/Q3669937",
            "source_id": "Q3669937"
          }
        ],
        "historical_phases": [],
        "coordinate_source": "wikidata",
        "hero_image": null,
        "hero_filename": null,
        "hero_description_url": null,
        "hero_artist": null,
        "hero_license_name": null,
        "hero_license_url": null,
        "website": null,
        "wikidata_url": "https://www.wikidata.org/wiki/Q3669937",
        "osm_url": null
      }
    },
    {
      "type": "Feature",
      "id": "Q3669946",
      "geometry": {
        "type": "Point",
        "coordinates": [
          11.09398611,
          43.88409722
        ]
      },
      "properties": {
        "id": "Q3669946",
        "slug": "chiesa-di-san-fabiano-q3669946",
        "name": "chiesa di San Fabiano",
        "church_type": "church",
        "region": "Tuscany",
        "historic_scope": "historic",
        "date_display": "1082",
        "date_kind": "year",
        "start_year": 1082,
        "end_year": 1082,
        "date_source": "wikidata",
        "date_basis": "inception",
        "date_source_name": "Wikidata",
        "date_source_url": "https://www.wikidata.org/wiki/Q3669946",
        "date_sources": [
          {
            "name": "Wikidata",
            "url": "https://www.wikidata.org/wiki/Q3669946",
            "source_id": "Q3669946"
          }
        ],
        "historical_phases": [],
        "coordinate_source": "wikidata",
        "hero_image": "https://upload.wikimedia.org/wikipedia/commons/c/cf/Chiesa_di_San_Fabiano.JPG",
        "hero_filename": "Chiesa di San Fabiano.JPG",
        "hero_description_url": "https://commons.wikimedia.org/wiki/File:Chiesa_di_San_Fabiano.JPG",
        "hero_artist": "Sailko",
        "hero_license_name": "CC BY 2.5",
        "hero_license_url": "https://creativecommons.org/licenses/by/2.5",
        "website": null,
        "wikidata_url": "https://www.wikidata.org/wiki/Q3669946",
        "osm_url": "https://www.openstreetmap.org/way/392063791"
      }
    },
    {
      "type": "Feature",
      "id": "Q3669959",
      "geometry": {
        "type": "Point",
        "coordinates": [
          11.23989,
          43.73978
        ]
      },
      "properties": {
        "id": "Q3669959",
        "slug": "chiesa-di-san-felice-a-ema-q3669959",
        "name": "chiesa di San Felice a Ema",
        "church_type": "church",
        "region": "Tuscany",
        "historic_scope": "historic",
        "date_display": "9th century",
        "date_kind": "century",
        "start_year": 801,
        "end_year": 900,
        "date_source": "wikidata",
        "date_basis": "inception",
        "date_source_name": "Wikidata",
        "date_source_url": "https://www.wikidata.org/wiki/Q3669959",
        "date_sources": [
          {
            "name": "Wikidata",
            "url": "https://www.wikidata.org/wiki/Q3669959",
            "source_id": "Q3669959"
          }
        ],
        "historical_phases": [],
        "coordinate_source": "wikidata",
        "hero_image": "https://upload.wikimedia.org/wikipedia/commons/thumb/d/d2/Sanfeliceaema298.jpg/1920px-Sanfeliceaema298.jpg",
        "hero_filename": "Sanfeliceaema298.jpg",
        "hero_description_url": "https://commons.wikimedia.org/wiki/File:Sanfeliceaema298.jpg",
        "hero_artist": "Vignaccia76",
        "hero_license_name": "CC BY-SA 3.0",
        "hero_license_url": "https://creativecommons.org/licenses/by-sa/3.0",
        "website": null,
        "wikidata_url": "https://www.wikidata.org/wiki/Q3669959",
        "osm_url": "https://www.openstreetmap.org/way/102979682"
      }
    },
    {
      "type": "Feature",
      "id": "Q3669962",
      "geometry": {
        "type": "Point",
        "coordinates": [
          10.30506,
          43.55421
        ]
      },
      "properties": {
        "id": "Q3669962",
        "slug": "chiesa-di-san-ferdinando-q3669962",
        "name": "chiesa di San Ferdinando",
        "church_type": "church",
        "region": "Tuscany",
        "historic_scope": "historic",
        "date_display": "1707",
        "date_kind": "year",
        "start_year": 1707,
        "end_year": 1707,
        "date_source": "wikidata",
        "date_basis": "inception",
        "date_source_name": "Wikidata",
        "date_source_url": "https://www.wikidata.org/wiki/Q3669962",
        "date_sources": [
          {
            "name": "Wikidata",
            "url": "https://www.wikidata.org/wiki/Q3669962",
            "source_id": "Q3669962"
          }
        ],
        "historical_phases": [],
        "coordinate_source": "wikidata",
        "hero_image": "https://upload.wikimedia.org/wikipedia/commons/thumb/2/2c/Chiesa_San_Ferdinando_2%2C_Livorno.jpg/1920px-Chiesa_San_Ferdinando_2%2C_Livorno.jpg",
        "hero_filename": "Chiesa San Ferdinando 2, Livorno.jpg",
        "hero_description_url": "https://commons.wikimedia.org/wiki/File:Chiesa_San_Ferdinando_2,_Livorno.jpg",
        "hero_artist": "Lucarelli",
        "hero_license_name": "CC BY-SA 3.0",
        "hero_license_url": "https://creativecommons.org/licenses/by-sa/3.0",
        "website": null,
        "wikidata_url": "https://www.wikidata.org/wiki/Q3669962",
        "osm_url": "https://www.openstreetmap.org/way/87422360"
      }
    },
    {
      "type": "Feature",
      "id": "Q3670031",
      "geometry": {
        "type": "Point",
        "coordinates": [
          10.1034,
          44.07535
        ]
      },
      "properties": {
        "id": "Q3670031",
        "slug": "chiesa-di-san-francesco-q3670031",
        "name": "chiesa di San Francesco",
        "church_type": "church",
        "region": "Tuscany",
        "historic_scope": "historic",
        "date_display": "1623",
        "date_kind": "year",
        "start_year": 1623,
        "end_year": 1623,
        "date_source": "wikidata",
        "date_basis": "inception",
        "date_source_name": "Wikidata",
        "date_source_url": "https://www.wikidata.org/wiki/Q3670031",
        "date_sources": [
          {
            "name": "Wikidata",
            "url": "https://www.wikidata.org/wiki/Q3670031",
            "source_id": "Q3670031"
          }
        ],
        "historical_phases": [],
        "coordinate_source": "wikidata",
        "hero_image": "https://upload.wikimedia.org/wikipedia/commons/thumb/a/a1/Carrara%2C_san_francesco%2C_esterno_01.jpg/1920px-Carrara%2C_san_francesco%2C_esterno_01.jpg",
        "hero_filename": "Carrara, san francesco, esterno 01.jpg",
        "hero_description_url": "https://commons.wikimedia.org/wiki/File:Carrara,_san_francesco,_esterno_01.jpg",
        "hero_artist": "Sailko",
        "hero_license_name": "CC BY 3.0",
        "hero_license_url": "https://creativecommons.org/licenses/by/3.0",
        "website": null,
        "wikidata_url": "https://www.wikidata.org/wiki/Q3670031",
        "osm_url": "https://www.openstreetmap.org/way/466769727"
      }
    },
    {
      "type": "Feature",
      "id": "Q3670083",
      "geometry": {
        "type": "Point",
        "coordinates": [
          10.40675,
          43.71875
        ]
      },
      "properties": {
        "id": "Q3670083",
        "slug": "chiesa-di-san-francesco-q3670083",
        "name": "chiesa di San Francesco",
        "church_type": "church",
        "region": "Tuscany",
        "historic_scope": "historic",
        "date_display": "13th century",
        "date_kind": "century",
        "start_year": 1201,
        "end_year": 1300,
        "date_source": "wikidata",
        "date_basis": "inception",
        "date_source_name": "Wikidata",
        "date_source_url": "https://www.wikidata.org/wiki/Q3670083",
        "date_sources": [
          {
            "name": "Wikidata",
            "url": "https://www.wikidata.org/wiki/Q3670083",
            "source_id": "Q3670083"
          }
        ],
        "historical_phases": [],
        "coordinate_source": "wikidata",
        "hero_image": "https://upload.wikimedia.org/wikipedia/commons/thumb/8/8e/Chiesa_San_Francesco%2C_Pisa.JPG/1920px-Chiesa_San_Francesco%2C_Pisa.JPG",
        "hero_filename": "Chiesa San Francesco, Pisa.JPG",
        "hero_description_url": "https://commons.wikimedia.org/wiki/File:Chiesa_San_Francesco,_Pisa.JPG",
        "hero_artist": "Lucarelli",
        "hero_license_name": "CC BY-SA 3.0",
        "hero_license_url": "https://creativecommons.org/licenses/by-sa/3.0",
        "website": "https://sanfrancescopisa.it/",
        "wikidata_url": "https://www.wikidata.org/wiki/Q3670083",
        "osm_url": "https://www.openstreetmap.org/way/106644870"
      }
    },
    {
      "type": "Feature",
      "id": "Q3670086",
      "geometry": {
        "type": "Point",
        "coordinates": [
          11.09711,
          43.87923
        ]
      },
      "properties": {
        "id": "Q3670086",
        "slug": "chiesa-di-san-francesco-q3670086",
        "name": "chiesa di San Francesco",
        "church_type": "church",
        "region": "Tuscany",
        "historic_scope": "historic",
        "date_display": "1331",
        "date_kind": "year",
        "start_year": 1331,
        "end_year": 1331,
        "date_source": "wikidata",
        "date_basis": "inception",
        "date_source_name": "Wikidata",
        "date_source_url": "https://www.wikidata.org/wiki/Q3670086",
        "date_sources": [
          {
            "name": "Wikidata",
            "url": "https://www.wikidata.org/wiki/Q3670086",
            "source_id": "Q3670086"
          }
        ],
        "historical_phases": [],
        "coordinate_source": "wikidata",
        "hero_image": "https://upload.wikimedia.org/wikipedia/commons/thumb/3/3f/Prato%2C_san_francesco%2C_facciata_%28dopo_restauro_2022%29_02-edit.jpg/1920px-Prato%2C_san_francesco%2C_facciata_%28dopo_restauro_2022%29_02-edit.jpg",
        "hero_filename": "Prato, san francesco, facciata (dopo restauro 2022) 02-edit.jpg",
        "hero_description_url": "https://commons.wikimedia.org/wiki/File:Prato,_san_francesco,_facciata_(dopo_restauro_2022)_02-edit.jpg",
        "hero_artist": "Sailko , edited by MenkinAlRire",
        "hero_license_name": "CC BY 3.0",
        "hero_license_url": "https://creativecommons.org/licenses/by/3.0",
        "website": "http://www.sanfrancescoprato.it/",
        "wikidata_url": "https://www.wikidata.org/wiki/Q3670086",
        "osm_url": "https://www.openstreetmap.org/way/180242607"
      }
    },
    {
      "type": "Feature",
      "id": "Q3670163",
      "geometry": {
        "type": "Point",
        "coordinates": [
          11.23698,
          43.76486
        ]
      },
      "properties": {
        "id": "Q3670163",
        "slug": "chiesa-di-san-francesco-di-paola-q3670163",
        "name": "chiesa di San Francesco di Paola",
        "church_type": "church",
        "region": "Tuscany",
        "historic_scope": "historic",
        "date_display": "1589",
        "date_kind": "year",
        "start_year": 1589,
        "end_year": 1589,
        "date_source": "wikidata",
        "date_basis": "inception",
        "date_source_name": "Wikidata",
        "date_source_url": "https://www.wikidata.org/wiki/Q3670163",
        "date_sources": [
          {
            "name": "Wikidata",
            "url": "https://www.wikidata.org/wiki/Q3670163",
            "source_id": "Q3670163"
          }
        ],
        "historical_phases": [],
        "coordinate_source": "wikidata",
        "hero_image": "https://upload.wikimedia.org/wikipedia/commons/thumb/b/ba/San_francesco_di_paola_%28florence%29_01.JPG/1920px-San_francesco_di_paola_%28florence%29_01.JPG",
        "hero_filename": "San francesco di paola (florence) 01.JPG",
        "hero_description_url": "https://commons.wikimedia.org/wiki/File:San_francesco_di_paola_(florence)_01.JPG",
        "hero_artist": "sailko",
        "hero_license_name": "CC BY 2.5",
        "hero_license_url": "https://creativecommons.org/licenses/by/2.5",
        "website": null,
        "wikidata_url": "https://www.wikidata.org/wiki/Q3670163",
        "osm_url": "https://www.openstreetmap.org/way/305428829"
      }
    },
    {
      "type": "Feature",
      "id": "Q3670196",
      "geometry": {
        "type": "Point",
        "coordinates": [
          11.2624,
          43.7838
        ]
      },
      "properties": {
        "id": "Q3670196",
        "slug": "chiesa-di-san-gallo-q3670196",
        "name": "chiesa di San Gallo",
        "church_type": "church",
        "region": "Tuscany",
        "historic_scope": "historic",
        "date_display": "1218",
        "date_kind": "year",
        "start_year": 1218,
        "end_year": 1218,
        "date_source": "wikidata",
        "date_basis": "inception",
        "date_source_name": "Wikidata",
        "date_source_url": "https://www.wikidata.org/wiki/Q3670196",
        "date_sources": [
          {
            "name": "Wikidata",
            "url": "https://www.wikidata.org/wiki/Q3670196",
            "source_id": "Q3670196"
          }
        ],
        "historical_phases": [],
        "coordinate_source": "wikidata",
        "hero_image": "https://upload.wikimedia.org/wikipedia/commons/6/6a/Andrea_del_Sarto_-_The_Annunciation_-_WGA00359.jpg",
        "hero_filename": "Andrea del Sarto - The Annunciation - WGA00359.jpg",
        "hero_description_url": "https://commons.wikimedia.org/wiki/File:Andrea_del_Sarto_-_The_Annunciation_-_WGA00359.jpg",
        "hero_artist": "Andrea del Sarto",
        "hero_license_name": "Public domain",
        "hero_license_url": null,
        "website": null,
        "wikidata_url": "https://www.wikidata.org/wiki/Q3670196",
        "osm_url": null
      }
    },
    {
      "type": "Feature",
      "id": "Q3670458",
      "geometry": {
        "type": "Point",
        "coordinates": [
          11.331,
          43.3168
        ]
      },
      "properties": {
        "id": "Q3670458",
        "slug": "chiesa-di-san-giovanni-battista-q3670458",
        "name": "chiesa di San Giovanni Battista",
        "church_type": "church",
        "region": "Tuscany",
        "historic_scope": "historic",
        "date_display": "1629",
        "date_kind": "year",
        "start_year": 1629,
        "end_year": 1629,
        "date_source": "wikidata",
        "date_basis": "inception",
        "date_source_name": "Wikidata",
        "date_source_url": "https://www.wikidata.org/wiki/Q3670458",
        "date_sources": [
          {
            "name": "Wikidata",
            "url": "https://www.wikidata.org/wiki/Q3670458",
            "source_id": "Q3670458"
          }
        ],
        "historical_phases": [],
        "coordinate_source": "wikidata",
        "hero_image": "https://upload.wikimedia.org/wikipedia/commons/thumb/d/df/Chiesa_di_san_Giovanni_Battista_a_Siena.JPG/1920px-Chiesa_di_san_Giovanni_Battista_a_Siena.JPG",
        "hero_filename": "Chiesa di san Giovanni Battista a Siena.JPG",
        "hero_description_url": "https://commons.wikimedia.org/wiki/File:Chiesa_di_san_Giovanni_Battista_a_Siena.JPG",
        "hero_artist": "Fabrizio Chiti ( Fabrizio Chiti ( talk )). Fabrizio Chiti",
        "hero_license_name": "CC BY-SA 3.0",
        "hero_license_url": "https://creativecommons.org/licenses/by-sa/3.0",
        "website": "http://www.contradadellaquila.com/la-contrada/la-sede-e-il-museo.html",
        "wikidata_url": "https://www.wikidata.org/wiki/Q3670458",
        "osm_url": "https://www.openstreetmap.org/way/1185348842"
      }
    },
    {
      "type": "Feature",
      "id": "Q3670507",
      "geometry": {
        "type": "Point",
        "coordinates": [
          10.14316,
          44.03524
        ]
      },
      "properties": {
        "id": "Q3670507",
        "slug": "chiesa-di-san-giovanni-decollato-q3670507",
        "name": "chiesa di San Giovanni Decollato",
        "church_type": "church",
        "region": "Tuscany",
        "historic_scope": "historic",
        "date_display": "1639",
        "date_kind": "year",
        "start_year": 1639,
        "end_year": 1639,
        "date_source": "wikidata",
        "date_basis": "inception",
        "date_source_name": "Wikidata",
        "date_source_url": "https://www.wikidata.org/wiki/Q3670507",
        "date_sources": [
          {
            "name": "Wikidata",
            "url": "https://www.wikidata.org/wiki/Q3670507",
            "source_id": "Q3670507"
          }
        ],
        "historical_phases": [],
        "coordinate_source": "wikidata",
        "hero_image": "https://upload.wikimedia.org/wikipedia/commons/thumb/6/6e/Esterno_della_chiesa_di_San_Giovanni_Decollato%2C_Massa_%281%29.jpg/1920px-Esterno_della_chiesa_di_San_Giovanni_Decollato%2C_Massa_%281%29.jpg",
        "hero_filename": "Esterno della chiesa di San Giovanni Decollato, Massa (1).jpg",
        "hero_description_url": "https://commons.wikimedia.org/wiki/File:Esterno_della_chiesa_di_San_Giovanni_Decollato,_Massa_(1).jpg",
        "hero_artist": "Mongolo1984",
        "hero_license_name": "CC BY-SA 3.0",
        "hero_license_url": "https://creativecommons.org/licenses/by-sa/3.0",
        "website": null,
        "wikidata_url": "https://www.wikidata.org/wiki/Q3670507",
        "osm_url": "https://www.openstreetmap.org/node/1496673204"
      }
    },
    {
      "type": "Feature",
      "id": "Q3670530",
      "geometry": {
        "type": "Point",
        "coordinates": [
          10.40888333,
          43.52184167
        ]
      },
      "properties": {
        "id": "Q3670530",
        "slug": "chiesa-di-san-giovanni-gualberto-q3670530",
        "name": "chiesa di San Giovanni Gualberto",
        "church_type": "church",
        "region": "Tuscany",
        "historic_scope": "historic",
        "date_display": "1692",
        "date_kind": "year",
        "start_year": 1692,
        "end_year": 1692,
        "date_source": "wikidata",
        "date_basis": "inception",
        "date_source_name": "Wikidata",
        "date_source_url": "https://www.wikidata.org/wiki/Q3670530",
        "date_sources": [
          {
            "name": "Wikidata",
            "url": "https://www.wikidata.org/wiki/Q3670530",
            "source_id": "Q3670530"
          }
        ],
        "historical_phases": [],
        "coordinate_source": "wikidata",
        "hero_image": "https://upload.wikimedia.org/wikipedia/commons/thumb/b/bd/Livorno%2C_san_giovanni_gualberto_a_valle_benedetta%2C_esterno_07.jpg/1920px-Livorno%2C_san_giovanni_gualberto_a_valle_benedetta%2C_esterno_07.jpg",
        "hero_filename": "Livorno, san giovanni gualberto a valle benedetta, esterno 07.jpg",
        "hero_description_url": "https://commons.wikimedia.org/wiki/File:Livorno,_san_giovanni_gualberto_a_valle_benedetta,_esterno_07.jpg",
        "hero_artist": "Sailko",
        "hero_license_name": "CC BY 3.0",
        "hero_license_url": "https://creativecommons.org/licenses/by/3.0",
        "website": null,
        "wikidata_url": "https://www.wikidata.org/wiki/Q3670530",
        "osm_url": "https://www.openstreetmap.org/way/58760265"
      }
    },
    {
      "type": "Feature",
      "id": "Q3670542",
      "geometry": {
        "type": "Point",
        "coordinates": [
          10.403222222222,
          43.713277777778
        ]
      },
      "properties": {
        "id": "Q3670542",
        "slug": "chiesa-di-san-giovanni-dei-fieri-q3670542",
        "name": "chiesa di San Giovanni dei Fieri",
        "church_type": "church",
        "region": "Tuscany",
        "historic_scope": "historic",
        "date_display": "1614",
        "date_kind": "year",
        "start_year": 1614,
        "end_year": 1614,
        "date_source": "wikidata",
        "date_basis": "inception",
        "date_source_name": "Wikidata",
        "date_source_url": "https://www.wikidata.org/wiki/Q3670542",
        "date_sources": [
          {
            "name": "Wikidata",
            "url": "https://www.wikidata.org/wiki/Q3670542",
            "source_id": "Q3670542"
          }
        ],
        "historical_phases": [],
        "coordinate_source": "wikidata",
        "hero_image": "https://upload.wikimedia.org/wikipedia/commons/8/85/San_Giovanni_dei_Fieri%2C_pisa_01.JPG",
        "hero_filename": "San Giovanni dei Fieri, pisa 01.JPG",
        "hero_description_url": "https://commons.wikimedia.org/wiki/File:San_Giovanni_dei_Fieri,_pisa_01.JPG",
        "hero_artist": "sailko",
        "hero_license_name": "CC BY 2.5",
        "hero_license_url": "https://creativecommons.org/licenses/by/2.5",
        "website": null,
        "wikidata_url": "https://www.wikidata.org/wiki/Q3670542",
        "osm_url": "https://www.openstreetmap.org/way/536750741"
      }
    },
    {
      "type": "Feature",
      "id": "Q3670564",
      "geometry": {
        "type": "Point",
        "coordinates": [
          11.2557,
          43.7748
        ]
      },
      "properties": {
        "id": "Q3670564",
        "slug": "chiesa-di-san-giovannino-degli-scolopi-q3670564",
        "name": "chiesa di San Giovannino degli Scolopi",
        "church_type": "church",
        "region": "Tuscany",
        "historic_scope": "historic",
        "date_display": "1579",
        "date_kind": "year",
        "start_year": 1579,
        "end_year": 1579,
        "date_source": "wikidata",
        "date_basis": "inception",
        "date_source_name": "Wikidata",
        "date_source_url": "https://www.wikidata.org/wiki/Q3670564",
        "date_sources": [
          {
            "name": "Wikidata",
            "url": "https://www.wikidata.org/wiki/Q3670564",
            "source_id": "Q3670564"
          }
        ],
        "historical_phases": [],
        "coordinate_source": "wikidata",
        "hero_image": "https://upload.wikimedia.org/wikipedia/commons/9/9c/San_Giovannino_degli_Scolopi.JPG",
        "hero_filename": "San Giovannino degli Scolopi.JPG",
        "hero_description_url": "https://commons.wikimedia.org/wiki/File:San_Giovannino_degli_Scolopi.JPG",
        "hero_artist": "Sailko",
        "hero_license_name": "CC BY-SA 3.0",
        "hero_license_url": "http://creativecommons.org/licenses/by-sa/3.0/",
        "website": null,
        "wikidata_url": "https://www.wikidata.org/wiki/Q3670564",
        "osm_url": "https://www.openstreetmap.org/way/305683536"
      }
    },
    {
      "type": "Feature",
      "id": "Q3670565",
      "geometry": {
        "type": "Point",
        "coordinates": [
          11.3347,
          43.319
        ]
      },
      "properties": {
        "id": "Q3670565",
        "slug": "chiesa-di-san-giovannino-della-staffa-q3670565",
        "name": "chiesa di San Giovannino della Staffa",
        "church_type": "church",
        "region": "Tuscany",
        "historic_scope": "historic",
        "date_display": "1611",
        "date_kind": "year",
        "start_year": 1611,
        "end_year": 1611,
        "date_source": "wikidata",
        "date_basis": "inception",
        "date_source_name": "Wikidata",
        "date_source_url": "https://www.wikidata.org/wiki/Q3670565",
        "date_sources": [
          {
            "name": "Wikidata",
            "url": "https://www.wikidata.org/wiki/Q3670565",
            "source_id": "Q3670565"
          }
        ],
        "historical_phases": [],
        "coordinate_source": "wikidata",
        "hero_image": "https://upload.wikimedia.org/wikipedia/commons/thumb/4/4f/San_Giovannino_della_Staffa%2C_facciata.JPG/1920px-San_Giovannino_della_Staffa%2C_facciata.JPG",
        "hero_filename": "San Giovannino della Staffa, facciata.JPG",
        "hero_description_url": "https://commons.wikimedia.org/wiki/File:San_Giovannino_della_Staffa,_facciata.JPG",
        "hero_artist": "Sailko",
        "hero_license_name": "CC BY 3.0",
        "hero_license_url": "https://creativecommons.org/licenses/by/3.0",
        "website": "http://lnx.contradaleocorno.it/?page_id=41",
        "wikidata_url": "https://www.wikidata.org/wiki/Q3670565",
        "osm_url": "https://www.openstreetmap.org/way/45758888"
      }
    },
    {
      "type": "Feature",
      "id": "Q3670567",
      "geometry": {
        "type": "Point",
        "coordinates": [
          11.2588,
          43.78009
        ]
      },
      "properties": {
        "id": "Q3670567",
        "slug": "chiesa-di-san-giovannino-dei-cavalieri-q3670567",
        "name": "chiesa di San Giovannino dei Cavalieri",
        "church_type": "church",
        "region": "Tuscany",
        "historic_scope": "historic",
        "date_display": "1326",
        "date_kind": "year",
        "start_year": 1326,
        "end_year": 1326,
        "date_source": "wikidata",
        "date_basis": "inception",
        "date_source_name": "Wikidata",
        "date_source_url": "https://www.wikidata.org/wiki/Q3670567",
        "date_sources": [
          {
            "name": "Wikidata",
            "url": "https://www.wikidata.org/wiki/Q3670567",
            "source_id": "Q3670567"
          }
        ],
        "historical_phases": [],
        "coordinate_source": "wikidata",
        "hero_image": "https://upload.wikimedia.org/wikipedia/commons/thumb/1/18/San_giovannino_dei_cavalieri%2C_facciata_02.JPG/1920px-San_giovannino_dei_cavalieri%2C_facciata_02.JPG",
        "hero_filename": "San giovannino dei cavalieri, facciata 02.JPG",
        "hero_description_url": "https://commons.wikimedia.org/wiki/File:San_giovannino_dei_cavalieri,_facciata_02.JPG",
        "hero_artist": "sailko",
        "hero_license_name": "CC BY-SA 3.0",
        "hero_license_url": "https://creativecommons.org/licenses/by-sa/3.0",
        "website": null,
        "wikidata_url": "https://www.wikidata.org/wiki/Q3670567",
        "osm_url": "https://www.openstreetmap.org/way/781509450"
      }
    },
    {
      "type": "Feature",
      "id": "Q3670618",
      "geometry": {
        "type": "Point",
        "coordinates": [
          11.265525,
          43.76806667
        ]
      },
      "properties": {
        "id": "Q3670618",
        "slug": "chiesa-di-san-giuseppe-q3670618",
        "name": "chiesa di San Giuseppe",
        "church_type": "church",
        "region": "Tuscany",
        "historic_scope": "historic",
        "date_display": "1759",
        "date_kind": "year",
        "start_year": 1759,
        "end_year": 1759,
        "date_source": "wikidata",
        "date_basis": "inception",
        "date_source_name": "Wikidata",
        "date_source_url": "https://www.wikidata.org/wiki/Q3670618",
        "date_sources": [
          {
            "name": "Wikidata",
            "url": "https://www.wikidata.org/wiki/Q3670618",
            "source_id": "Q3670618"
          }
        ],
        "historical_phases": [],
        "coordinate_source": "wikidata",
        "hero_image": "https://upload.wikimedia.org/wikipedia/commons/thumb/1/1f/San_giuseppe%2C_firenze%2C_facciata_01.JPG/1920px-San_giuseppe%2C_firenze%2C_facciata_01.JPG",
        "hero_filename": "San giuseppe, firenze, facciata 01.JPG",
        "hero_description_url": "https://commons.wikimedia.org/wiki/File:San_giuseppe,_firenze,_facciata_01.JPG",
        "hero_artist": "sailko",
        "hero_license_name": "CC BY-SA 3.0",
        "hero_license_url": "https://creativecommons.org/licenses/by-sa/3.0",
        "website": null,
        "wikidata_url": "https://www.wikidata.org/wiki/Q3670618",
        "osm_url": "https://www.openstreetmap.org/way/203496642"
      }
    },
    {
      "type": "Feature",
      "id": "Q3670652",
      "geometry": {
        "type": "Point",
        "coordinates": [
          11.33194444,
          43.31527778
        ]
      },
      "properties": {
        "id": "Q3670652",
        "slug": "chiesa-di-san-giuseppe-q3670652",
        "name": "chiesa di San Giuseppe",
        "church_type": "church",
        "region": "Tuscany",
        "historic_scope": "historic",
        "date_display": "1653",
        "date_kind": "year",
        "start_year": 1653,
        "end_year": 1653,
        "date_source": "wikidata",
        "date_basis": "inception",
        "date_source_name": "Wikidata",
        "date_source_url": "https://www.wikidata.org/wiki/Q3670652",
        "date_sources": [
          {
            "name": "Wikidata",
            "url": "https://www.wikidata.org/wiki/Q3670652",
            "source_id": "Q3670652"
          }
        ],
        "historical_phases": [],
        "coordinate_source": "wikidata",
        "hero_image": "https://upload.wikimedia.org/wikipedia/commons/9/95/Chiesa_di_san_giuseppe_siena.jpg",
        "hero_filename": "Chiesa di san giuseppe siena.jpg",
        "hero_description_url": "https://commons.wikimedia.org/wiki/File:Chiesa_di_san_giuseppe_siena.jpg",
        "hero_artist": null,
        "hero_license_name": "Copyrighted free use",
        "hero_license_url": null,
        "website": "http://www.contradacapitanadellonda.com/la-chiesa",
        "wikidata_url": "https://www.wikidata.org/wiki/Q3670652",
        "osm_url": "https://www.openstreetmap.org/way/1186559509"
      }
    },
    {
      "type": "Feature",
      "id": "Q3670697",
      "geometry": {
        "type": "Point",
        "coordinates": [
          9.90431,
          43.43142
        ]
      },
      "properties": {
        "id": "Q3670697",
        "slug": "chiesa-di-san-gorgonio-q3670697",
        "name": "chiesa di San Gorgonio",
        "church_type": "church",
        "region": "Tuscany",
        "historic_scope": "historic",
        "date_display": "1723",
        "date_kind": "year",
        "start_year": 1723,
        "end_year": 1723,
        "date_source": "wikidata",
        "date_basis": "inception",
        "date_source_name": "Wikidata",
        "date_source_url": "https://www.wikidata.org/wiki/Q3670697",
        "date_sources": [
          {
            "name": "Wikidata",
            "url": "https://www.wikidata.org/wiki/Q3670697",
            "source_id": "Q3670697"
          }
        ],
        "historical_phases": [],
        "coordinate_source": "wikidata",
        "hero_image": "https://upload.wikimedia.org/wikipedia/commons/thumb/2/27/Gorgona%2C_san_gorgonio_01.jpg/1920px-Gorgona%2C_san_gorgonio_01.jpg",
        "hero_filename": "Gorgona, san gorgonio 01.jpg",
        "hero_description_url": "https://commons.wikimedia.org/wiki/File:Gorgona,_san_gorgonio_01.jpg",
        "hero_artist": "Sailko",
        "hero_license_name": "CC BY 3.0",
        "hero_license_url": "https://creativecommons.org/licenses/by/3.0",
        "website": null,
        "wikidata_url": "https://www.wikidata.org/wiki/Q3670697",
        "osm_url": "https://www.openstreetmap.org/way/1208073240"
      }
    },
    {
      "type": "Feature",
      "id": "Q3670741",
      "geometry": {
        "type": "Point",
        "coordinates": [
          11.25068,
          43.76813
        ]
      },
      "properties": {
        "id": "Q3670741",
        "slug": "chiesa-di-san-jacopo-soprarno-q3670741",
        "name": "chiesa di San Jacopo Soprarno",
        "church_type": "church",
        "region": "Tuscany",
        "historic_scope": "historic",
        "date_display": "1660",
        "date_kind": "year",
        "start_year": 1660,
        "end_year": 1660,
        "date_source": "wikidata",
        "date_basis": "inception",
        "date_source_name": "Wikidata",
        "date_source_url": "https://www.wikidata.org/wiki/Q3670741",
        "date_sources": [
          {
            "name": "Wikidata",
            "url": "https://www.wikidata.org/wiki/Q3670741",
            "source_id": "Q3670741"
          }
        ],
        "historical_phases": [],
        "coordinate_source": "wikidata",
        "hero_image": "https://upload.wikimedia.org/wikipedia/commons/thumb/1/14/San_jacopo_soprarno%2C_retro_%28mattina%29_02.JPG/1920px-San_jacopo_soprarno%2C_retro_%28mattina%29_02.JPG",
        "hero_filename": "San jacopo soprarno, retro (mattina) 02.JPG",
        "hero_description_url": "https://commons.wikimedia.org/wiki/File:San_jacopo_soprarno,_retro_(mattina)_02.JPG",
        "hero_artist": "Sailko",
        "hero_license_name": "CC BY-SA 3.0",
        "hero_license_url": "https://creativecommons.org/licenses/by-sa/3.0",
        "website": null,
        "wikidata_url": "https://www.wikidata.org/wiki/Q3670741",
        "osm_url": "https://www.openstreetmap.org/way/306811250"
      }
    },
    {
      "type": "Feature",
      "id": "Q3670747",
      "geometry": {
        "type": "Point",
        "coordinates": [
          10.30596,
          43.52959
        ]
      },
      "properties": {
        "id": "Q3670747",
        "slug": "chiesa-di-san-jacopo-in-acquaviva-q3670747",
        "name": "chiesa di San Jacopo in Acquaviva",
        "church_type": "church",
        "region": "Tuscany",
        "historic_scope": "historic",
        "date_display": "1163",
        "date_kind": "year",
        "start_year": 1163,
        "end_year": 1163,
        "date_source": "wikidata",
        "date_basis": "inception",
        "date_source_name": "Wikidata",
        "date_source_url": "https://www.wikidata.org/wiki/Q3670747",
        "date_sources": [
          {
            "name": "Wikidata",
            "url": "https://www.wikidata.org/wiki/Q3670747",
            "source_id": "Q3670747"
          }
        ],
        "historical_phases": [],
        "coordinate_source": "wikidata",
        "hero_image": "https://upload.wikimedia.org/wikipedia/commons/thumb/4/4a/Chiesa_di_San_Jacopo_a_Livorno.JPG/1920px-Chiesa_di_San_Jacopo_a_Livorno.JPG",
        "hero_filename": "Chiesa di San Jacopo a Livorno.JPG",
        "hero_description_url": "https://commons.wikimedia.org/wiki/File:Chiesa_di_San_Jacopo_a_Livorno.JPG",
        "hero_artist": "Luca Aless",
        "hero_license_name": "CC BY-SA 3.0",
        "hero_license_url": "https://creativecommons.org/licenses/by-sa/3.0",
        "website": null,
        "wikidata_url": "https://www.wikidata.org/wiki/Q3670747",
        "osm_url": "https://www.openstreetmap.org/way/633728245"
      }
    },
    {
      "type": "Feature",
      "id": "Q3670749",
      "geometry": {
        "type": "Point",
        "coordinates": [
          11.2518,
          43.7764
        ]
      },
      "properties": {
        "id": "Q3670749",
        "slug": "chiesa-di-san-jacopo-in-campo-corbolini-q3670749",
        "name": "chiesa di San Jacopo in Campo Corbolini",
        "church_type": "church",
        "region": "Tuscany",
        "historic_scope": "historic",
        "date_display": "1311",
        "date_kind": "year",
        "start_year": 1311,
        "end_year": 1311,
        "date_source": "wikidata",
        "date_basis": "inception",
        "date_source_name": "Wikidata",
        "date_source_url": "https://www.wikidata.org/wiki/Q3670749",
        "date_sources": [
          {
            "name": "Wikidata",
            "url": "https://www.wikidata.org/wiki/Q3670749",
            "source_id": "Q3670749"
          }
        ],
        "historical_phases": [],
        "coordinate_source": "wikidata",
        "hero_image": "https://upload.wikimedia.org/wikipedia/commons/3/32/San_Jacopo_in_Campo_Corbolini.JPG",
        "hero_filename": "San Jacopo in Campo Corbolini.JPG",
        "hero_description_url": "https://commons.wikimedia.org/wiki/File:San_Jacopo_in_Campo_Corbolini.JPG",
        "hero_artist": "Sailko",
        "hero_license_name": "CC BY-SA 3.0",
        "hero_license_url": "http://creativecommons.org/licenses/by-sa/3.0/",
        "website": null,
        "wikidata_url": "https://www.wikidata.org/wiki/Q3670749",
        "osm_url": "https://www.openstreetmap.org/way/306396529"
      }
    },
    {
      "type": "Feature",
      "id": "Q3670791",
      "geometry": {
        "type": "Point",
        "coordinates": [
          11.25531,
          43.75972
        ]
      },
      "properties": {
        "id": "Q3670791",
        "slug": "chiesa-di-san-leonardo-in-arcetri-q3670791",
        "name": "chiesa di San Leonardo in Arcetri",
        "church_type": "church",
        "region": "Tuscany",
        "historic_scope": "historic",
        "date_display": "11th century",
        "date_kind": "century",
        "start_year": 1001,
        "end_year": 1100,
        "date_source": "wikidata",
        "date_basis": "inception",
        "date_source_name": "Wikidata",
        "date_source_url": "https://www.wikidata.org/wiki/Q3670791",
        "date_sources": [
          {
            "name": "Wikidata",
            "url": "https://www.wikidata.org/wiki/Q3670791",
            "source_id": "Q3670791"
          }
        ],
        "historical_phases": [],
        "coordinate_source": "wikidata",
        "hero_image": "https://upload.wikimedia.org/wikipedia/commons/1/18/SanLeonardoinArcetri01.jpg",
        "hero_filename": "SanLeonardoinArcetri01.jpg",
        "hero_description_url": "https://commons.wikimedia.org/wiki/File:SanLeonardoinArcetri01.jpg",
        "hero_artist": null,
        "hero_license_name": "CC BY-SA 3.0",
        "hero_license_url": "http://creativecommons.org/licenses/by-sa/3.0/",
        "website": null,
        "wikidata_url": "https://www.wikidata.org/wiki/Q3670791",
        "osm_url": "https://www.openstreetmap.org/way/305680883"
      }
    },
    {
      "type": "Feature",
      "id": "Q3670924",
      "geometry": {
        "type": "Point",
        "coordinates": [
          11.2533622398,
          43.8234654288
        ]
      },
      "properties": {
        "id": "Q3670924",
        "slug": "chiesa-di-san-lorenzo-a-serpiolle-q3670924",
        "name": "chiesa di San Lorenzo a Serpiolle",
        "church_type": "church",
        "region": "Tuscany",
        "historic_scope": "historic",
        "date_display": "1202",
        "date_kind": "year",
        "start_year": 1202,
        "end_year": 1202,
        "date_source": "wikidata",
        "date_basis": "inception",
        "date_source_name": "Wikidata",
        "date_source_url": "https://www.wikidata.org/wiki/Q3670924",
        "date_sources": [
          {
            "name": "Wikidata",
            "url": "https://www.wikidata.org/wiki/Q3670924",
            "source_id": "Q3670924"
          }
        ],
        "historical_phases": [],
        "coordinate_source": "wikidata",
        "hero_image": "https://upload.wikimedia.org/wikipedia/commons/thumb/7/73/San_lorenzo_a_serpiolle_01.JPG/1920px-San_lorenzo_a_serpiolle_01.JPG",
        "hero_filename": "San lorenzo a serpiolle 01.JPG",
        "hero_description_url": "https://commons.wikimedia.org/wiki/File:San_lorenzo_a_serpiolle_01.JPG",
        "hero_artist": "Sailko",
        "hero_license_name": "CC BY 3.0",
        "hero_license_url": "https://creativecommons.org/licenses/by/3.0",
        "website": null,
        "wikidata_url": "https://www.wikidata.org/wiki/Q3670924",
        "osm_url": "https://www.openstreetmap.org/way/305727652"
      }
    },
    {
      "type": "Feature",
      "id": "Q3670973",
      "geometry": {
        "type": "Point",
        "coordinates": [
          10.9268,
          43.7173
        ]
      },
      "properties": {
        "id": "Q3670973",
        "slug": "chiesa-di-san-mamante-q3670973",
        "name": "chiesa di San Mamante",
        "church_type": "church",
        "region": "Tuscany",
        "historic_scope": "historic",
        "date_display": "1119",
        "date_kind": "year",
        "start_year": 1119,
        "end_year": 1119,
        "date_source": "wikidata",
        "date_basis": "inception",
        "date_source_name": "Wikidata",
        "date_source_url": "https://www.wikidata.org/wiki/Q3670973",
        "date_sources": [
          {
            "name": "Wikidata",
            "url": "https://www.wikidata.org/wiki/Q3670973",
            "source_id": "Q3670973"
          }
        ],
        "historical_phases": [],
        "coordinate_source": "wikidata",
        "hero_image": "https://upload.wikimedia.org/wikipedia/commons/thumb/5/53/San_mamante_empoli.jpg/1920px-San_mamante_empoli.jpg",
        "hero_filename": "San mamante empoli.jpg",
        "hero_description_url": "https://commons.wikimedia.org/wiki/File:San_mamante_empoli.jpg",
        "hero_artist": "Vignaccia76",
        "hero_license_name": "CC BY-SA 3.0",
        "hero_license_url": "https://creativecommons.org/licenses/by-sa/3.0",
        "website": null,
        "wikidata_url": "https://www.wikidata.org/wiki/Q3670973",
        "osm_url": "https://www.openstreetmap.org/way/618546955"
      }
    },
    {
      "type": "Feature",
      "id": "Q3670984",
      "geometry": {
        "type": "Point",
        "coordinates": [
          11.2922,
          43.752
        ]
      },
      "properties": {
        "id": "Q3670984",
        "slug": "chiesa-di-san-marcellino-q3670984",
        "name": "chiesa di San Marcellino",
        "church_type": "church",
        "region": "Tuscany",
        "historic_scope": "historic",
        "date_display": "1197",
        "date_kind": "year",
        "start_year": 1197,
        "end_year": 1197,
        "date_source": "wikidata",
        "date_basis": "inception",
        "date_source_name": "Wikidata",
        "date_source_url": "https://www.wikidata.org/wiki/Q3670984",
        "date_sources": [
          {
            "name": "Wikidata",
            "url": "https://www.wikidata.org/wiki/Q3670984",
            "source_id": "Q3670984"
          }
        ],
        "historical_phases": [],
        "coordinate_source": "wikidata",
        "hero_image": "https://upload.wikimedia.org/wikipedia/commons/c/cd/Chiesa_di_san_marcellino_01.JPG",
        "hero_filename": "Chiesa di san marcellino 01.JPG",
        "hero_description_url": "https://commons.wikimedia.org/wiki/File:Chiesa_di_san_marcellino_01.JPG",
        "hero_artist": "sailko",
        "hero_license_name": "CC BY 2.5",
        "hero_license_url": "https://creativecommons.org/licenses/by/2.5",
        "website": null,
        "wikidata_url": "https://www.wikidata.org/wiki/Q3670984",
        "osm_url": "https://www.openstreetmap.org/way/374064985"
      }
    },
    {
      "type": "Feature",
      "id": "Q3671004",
      "geometry": {
        "type": "Point",
        "coordinates": [
          11.26911,
          43.79144
        ]
      },
      "properties": {
        "id": "Q3671004",
        "slug": "chiesa-di-san-marco-vecchio-q3671004",
        "name": "chiesa di San Marco Vecchio",
        "church_type": "church",
        "region": "Tuscany",
        "historic_scope": "historic",
        "date_display": "1058",
        "date_kind": "year",
        "start_year": 1058,
        "end_year": 1058,
        "date_source": "wikidata",
        "date_basis": "inception",
        "date_source_name": "Wikidata",
        "date_source_url": "https://www.wikidata.org/wiki/Q3671004",
        "date_sources": [
          {
            "name": "Wikidata",
            "url": "https://www.wikidata.org/wiki/Q3671004",
            "source_id": "Q3671004"
          }
        ],
        "historical_phases": [],
        "coordinate_source": "wikidata",
        "hero_image": "https://upload.wikimedia.org/wikipedia/commons/0/05/Chiesa_di_san_marco_vecchio_04.JPG",
        "hero_filename": "Chiesa di san marco vecchio 04.JPG",
        "hero_description_url": "https://commons.wikimedia.org/wiki/File:Chiesa_di_san_marco_vecchio_04.JPG",
        "hero_artist": "sailko",
        "hero_license_name": "CC BY 2.5",
        "hero_license_url": "https://creativecommons.org/licenses/by/2.5",
        "website": null,
        "wikidata_url": "https://www.wikidata.org/wiki/Q3671004",
        "osm_url": "https://www.openstreetmap.org/way/305870459"
      }
    },
    {
      "type": "Feature",
      "id": "Q3671047",
      "geometry": {
        "type": "Point",
        "coordinates": [
          10.34126944,
          43.53291389
        ]
      },
      "properties": {
        "id": "Q3671047",
        "slug": "chiesa-di-san-martino-q3671047",
        "name": "chiesa di San Martino",
        "church_type": "church",
        "region": "Tuscany",
        "historic_scope": "historic",
        "date_display": "1000",
        "date_kind": "year",
        "start_year": 1000,
        "end_year": 1000,
        "date_source": "wikidata",
        "date_basis": "inception",
        "date_source_name": "Wikidata",
        "date_source_url": "https://www.wikidata.org/wiki/Q3671047",
        "date_sources": [
          {
            "name": "Wikidata",
            "url": "https://www.wikidata.org/wiki/Q3671047",
            "source_id": "Q3671047"
          }
        ],
        "historical_phases": [],
        "coordinate_source": "wikidata",
        "hero_image": "https://upload.wikimedia.org/wikipedia/commons/thumb/3/3f/Chiesa_di_San_Martino%2C_Salviano%2C_Livorno_2.JPG/1920px-Chiesa_di_San_Martino%2C_Salviano%2C_Livorno_2.JPG",
        "hero_filename": "Chiesa di San Martino, Salviano, Livorno 2.JPG",
        "hero_description_url": "https://commons.wikimedia.org/wiki/File:Chiesa_di_San_Martino,_Salviano,_Livorno_2.JPG",
        "hero_artist": "Lucarelli",
        "hero_license_name": "CC BY-SA 3.0",
        "hero_license_url": "https://creativecommons.org/licenses/by-sa/3.0",
        "website": null,
        "wikidata_url": "https://www.wikidata.org/wiki/Q3671047",
        "osm_url": "https://www.openstreetmap.org/way/121067709"
      }
    },
    {
      "type": "Feature",
      "id": "Q3671060",
      "geometry": {
        "type": "Point",
        "coordinates": [
          10.40475,
          43.71275
        ]
      },
      "properties": {
        "id": "Q3671060",
        "slug": "chiesa-di-san-martino-q3671060",
        "name": "chiesa di San Martino",
        "church_type": "church",
        "region": "Tuscany",
        "historic_scope": "historic",
        "date_display": "1331",
        "date_kind": "year",
        "start_year": 1331,
        "end_year": 1331,
        "date_source": "wikidata",
        "date_basis": "inception",
        "date_source_name": "Wikidata",
        "date_source_url": "https://www.wikidata.org/wiki/Q3671060",
        "date_sources": [
          {
            "name": "Wikidata",
            "url": "https://www.wikidata.org/wiki/Q3671060",
            "source_id": "Q3671060"
          }
        ],
        "historical_phases": [],
        "coordinate_source": "wikidata",
        "hero_image": "https://upload.wikimedia.org/wikipedia/commons/thumb/c/ce/Chiesa_di_San_Martino_-_Facade.jpg/1920px-Chiesa_di_San_Martino_-_Facade.jpg",
        "hero_filename": "Chiesa di San Martino - Facade.jpg",
        "hero_description_url": "https://commons.wikimedia.org/wiki/File:Chiesa_di_San_Martino_-_Facade.jpg",
        "hero_artist": "Samuele on English Wikipedia Samuele nella Wikipedia Italiana",
        "hero_license_name": "Public domain",
        "hero_license_url": null,
        "website": null,
        "wikidata_url": "https://www.wikidata.org/wiki/Q3671060",
        "osm_url": "https://www.openstreetmap.org/way/156079975"
      }
    },
    {
      "type": "Feature",
      "id": "Q3671101",
      "geometry": {
        "type": "Point",
        "coordinates": [
          11.30777,
          43.78317
        ]
      },
      "properties": {
        "id": "Q3671101",
        "slug": "chiesa-di-san-martino-a-mensola-q3671101",
        "name": "chiesa di San Martino a Mensola",
        "church_type": "church",
        "region": "Tuscany",
        "historic_scope": "historic",
        "date_display": "1451",
        "date_kind": "year",
        "start_year": 1451,
        "end_year": 1451,
        "date_source": "wikidata",
        "date_basis": "inception",
        "date_source_name": "Wikidata",
        "date_source_url": "https://www.wikidata.org/wiki/Q3671101",
        "date_sources": [
          {
            "name": "Wikidata",
            "url": "https://www.wikidata.org/wiki/Q3671101",
            "source_id": "Q3671101"
          }
        ],
        "historical_phases": [],
        "coordinate_source": "wikidata",
        "hero_image": "https://upload.wikimedia.org/wikipedia/commons/2/25/Chiesa_di_san_martino_a_mensola.JPG",
        "hero_filename": "Chiesa di san martino a mensola.JPG",
        "hero_description_url": "https://commons.wikimedia.org/wiki/File:Chiesa_di_san_martino_a_mensola.JPG",
        "hero_artist": "sailko",
        "hero_license_name": "CC BY 2.5",
        "hero_license_url": "https://creativecommons.org/licenses/by/2.5",
        "website": "http://www.sanmartinoamensola.it/",
        "wikidata_url": "https://www.wikidata.org/wiki/Q3671101",
        "osm_url": "https://www.openstreetmap.org/way/276191579"
      }
    },
    {
      "type": "Feature",
      "id": "Q3671105",
      "geometry": {
        "type": "Point",
        "coordinates": [
          11.254636111111,
          43.792769444444
        ]
      },
      "properties": {
        "id": "Q3671105",
        "slug": "chiesa-di-san-martino-a-montughi-q3671105",
        "name": "chiesa di San Martino a Montughi",
        "church_type": "church",
        "region": "Tuscany",
        "historic_scope": "historic",
        "date_display": "1222",
        "date_kind": "year",
        "start_year": 1222,
        "end_year": 1222,
        "date_source": "wikidata",
        "date_basis": "inception",
        "date_source_name": "Wikidata",
        "date_source_url": "https://www.wikidata.org/wiki/Q3671105",
        "date_sources": [
          {
            "name": "Wikidata",
            "url": "https://www.wikidata.org/wiki/Q3671105",
            "source_id": "Q3671105"
          }
        ],
        "historical_phases": [],
        "coordinate_source": "wikidata",
        "hero_image": "https://upload.wikimedia.org/wikipedia/commons/thumb/2/2d/San_martino_a_montughi%2C_ext%2C_01.JPG/1920px-San_martino_a_montughi%2C_ext%2C_01.JPG",
        "hero_filename": "San martino a montughi, ext, 01.JPG",
        "hero_description_url": "https://commons.wikimedia.org/wiki/File:San_martino_a_montughi,_ext,_01.JPG",
        "hero_artist": "sailko",
        "hero_license_name": "CC BY-SA 3.0",
        "hero_license_url": "https://creativecommons.org/licenses/by-sa/3.0",
        "website": null,
        "wikidata_url": "https://www.wikidata.org/wiki/Q3671105",
        "osm_url": "https://www.openstreetmap.org/way/110550849"
      }
    },
    {
      "type": "Feature",
      "id": "Q3671141",
      "geometry": {
        "type": "Point",
        "coordinates": [
          11.2448,
          43.7759
        ]
      },
      "properties": {
        "id": "Q3671141",
        "slug": "chiesa-di-san-martino-in-santa-maria-della-scala-q3671141",
        "name": "chiesa di San Martino in Santa Maria della Scala",
        "church_type": "church",
        "region": "Tuscany",
        "historic_scope": "historic",
        "date_display": "1316",
        "date_kind": "year",
        "start_year": 1316,
        "end_year": 1316,
        "date_source": "wikidata",
        "date_basis": "inception",
        "date_source_name": "Wikidata",
        "date_source_url": "https://www.wikidata.org/wiki/Q3671141",
        "date_sources": [
          {
            "name": "Wikidata",
            "url": "https://www.wikidata.org/wiki/Q3671141",
            "source_id": "Q3671141"
          }
        ],
        "historical_phases": [],
        "coordinate_source": "wikidata",
        "hero_image": "https://upload.wikimedia.org/wikipedia/commons/thumb/1/1b/Complesso_di_san_martino_alla_scala_01.JPG/1920px-Complesso_di_san_martino_alla_scala_01.JPG",
        "hero_filename": "Complesso di san martino alla scala 01.JPG",
        "hero_description_url": "https://commons.wikimedia.org/wiki/File:Complesso_di_san_martino_alla_scala_01.JPG",
        "hero_artist": "sailko",
        "hero_license_name": "CC BY-SA 3.0",
        "hero_license_url": "https://creativecommons.org/licenses/by-sa/3.0",
        "website": null,
        "wikidata_url": "https://www.wikidata.org/wiki/Q3671141",
        "osm_url": null
      }
    },
    {
      "type": "Feature",
      "id": "Q3671305",
      "geometry": {
        "type": "Point",
        "coordinates": [
          10.96252,
          43.72207
        ]
      },
      "properties": {
        "id": "Q3671305",
        "slug": "chiesa-di-san-michele-arcangelo-q3671305",
        "name": "chiesa di San Michele Arcangelo",
        "church_type": "church",
        "region": "Tuscany",
        "historic_scope": "historic",
        "date_display": "1192",
        "date_kind": "year",
        "start_year": 1192,
        "end_year": 1192,
        "date_source": "wikidata",
        "date_basis": "inception",
        "date_source_name": "Wikidata",
        "date_source_url": "https://www.wikidata.org/wiki/Q3671305",
        "date_sources": [
          {
            "name": "Wikidata",
            "url": "https://www.wikidata.org/wiki/Q3671305",
            "source_id": "Q3671305"
          }
        ],
        "historical_phases": [],
        "coordinate_source": "wikidata",
        "hero_image": "https://upload.wikimedia.org/wikipedia/commons/thumb/b/b9/Michele_a_pontorme.jpg/1920px-Michele_a_pontorme.jpg",
        "hero_filename": "Michele a pontorme.jpg",
        "hero_description_url": "https://commons.wikimedia.org/wiki/File:Michele_a_pontorme.jpg",
        "hero_artist": "Vignaccia76",
        "hero_license_name": "CC BY-SA 3.0",
        "hero_license_url": "https://creativecommons.org/licenses/by-sa/3.0",
        "website": null,
        "wikidata_url": "https://www.wikidata.org/wiki/Q3671305",
        "osm_url": "https://www.openstreetmap.org/way/687747709"
      }
    },
    {
      "type": "Feature",
      "id": "Q3671341",
      "geometry": {
        "type": "Point",
        "coordinates": [
          11.23268,
          43.82017
        ]
      },
      "properties": {
        "id": "Q3671341",
        "slug": "chiesa-di-san-michele-a-castello-q3671341",
        "name": "chiesa di San Michele a Castello",
        "church_type": "church",
        "region": "Tuscany",
        "historic_scope": "historic",
        "date_display": "1617",
        "date_kind": "year",
        "start_year": 1617,
        "end_year": 1617,
        "date_source": "wikidata",
        "date_basis": "inception",
        "date_source_name": "Wikidata",
        "date_source_url": "https://www.wikidata.org/wiki/Q3671341",
        "date_sources": [
          {
            "name": "Wikidata",
            "url": "https://www.wikidata.org/wiki/Q3671341",
            "source_id": "Q3671341"
          }
        ],
        "historical_phases": [],
        "coordinate_source": "wikidata",
        "hero_image": "https://upload.wikimedia.org/wikipedia/commons/6/65/Chiesa_di_San_Michele_a_Castello_%28Florence%29_-_Facade.jpg",
        "hero_filename": "Chiesa di San Michele a Castello (Florence) - Facade.jpg",
        "hero_description_url": "https://commons.wikimedia.org/wiki/File:Chiesa_di_San_Michele_a_Castello_(Florence)_-_Facade.jpg",
        "hero_artist": "cyberuly",
        "hero_license_name": "CC BY 3.0",
        "hero_license_url": "https://creativecommons.org/licenses/by/3.0",
        "website": null,
        "wikidata_url": "https://www.wikidata.org/wiki/Q3671341",
        "osm_url": "https://www.openstreetmap.org/way/179998044"
      }
    },
    {
      "type": "Feature",
      "id": "Q3671342",
      "geometry": {
        "type": "Point",
        "coordinates": [
          11.258,
          43.7739
        ]
      },
      "properties": {
        "id": "Q3671342",
        "slug": "chiesa-di-san-michele-visdomini-q3671342",
        "name": "chiesa di San Michele Visdomini",
        "church_type": "church",
        "region": "Tuscany",
        "historic_scope": "historic",
        "date_display": "1346",
        "date_kind": "year",
        "start_year": 1346,
        "end_year": 1346,
        "date_source": "wikidata",
        "date_basis": "inception",
        "date_source_name": "Wikidata",
        "date_source_url": "https://www.wikidata.org/wiki/Q3671342",
        "date_sources": [
          {
            "name": "Wikidata",
            "url": "https://www.wikidata.org/wiki/Q3671342",
            "source_id": "Q3671342"
          }
        ],
        "historical_phases": [],
        "coordinate_source": "wikidata",
        "hero_image": "https://upload.wikimedia.org/wikipedia/commons/thumb/b/b0/San_michele_visdomini%2C_esterno%2C_02.jpg/1920px-San_michele_visdomini%2C_esterno%2C_02.jpg",
        "hero_filename": "San michele visdomini, esterno, 02.jpg",
        "hero_description_url": "https://commons.wikimedia.org/wiki/File:San_michele_visdomini,_esterno,_02.jpg",
        "hero_artist": "Sailko",
        "hero_license_name": "CC BY 3.0",
        "hero_license_url": "https://creativecommons.org/licenses/by/3.0",
        "website": null,
        "wikidata_url": "https://www.wikidata.org/wiki/Q3671342",
        "osm_url": "https://www.openstreetmap.org/way/266213439"
      }
    },
    {
      "type": "Feature",
      "id": "Q3671413",
      "geometry": {
        "type": "Point",
        "coordinates": [
          11.26117,
          43.7646
        ]
      },
      "properties": {
        "id": "Q3671413",
        "slug": "chiesa-di-san-niccolo-oltrarno-q3671413",
        "name": "chiesa di San Niccolò Oltrarno",
        "church_type": "church",
        "region": "Tuscany",
        "historic_scope": "historic",
        "date_display": "1184",
        "date_kind": "year",
        "start_year": 1184,
        "end_year": 1184,
        "date_source": "wikidata",
        "date_basis": "inception",
        "date_source_name": "Wikidata",
        "date_source_url": "https://www.wikidata.org/wiki/Q3671413",
        "date_sources": [
          {
            "name": "Wikidata",
            "url": "https://www.wikidata.org/wiki/Q3671413",
            "source_id": "Q3671413"
          }
        ],
        "historical_phases": [],
        "coordinate_source": "wikidata",
        "hero_image": "https://upload.wikimedia.org/wikipedia/commons/thumb/b/b3/Firenze_-_Florence_-_Via_di_San_Niccol%C3%B2_-_View_East_on_chiesa_di_San_Niccol%C3%B2_Oltrarno.jpg/1920px-Firenze_-_Florence_-_Via_di_San_Niccol%C3%B2_-_View_East_on_chiesa_di_San_Niccol%C3%B2_Oltrarno.jpg",
        "hero_filename": "Firenze - Florence - Via di San Niccolò - View East on chiesa di San Niccolò Oltrarno.jpg",
        "hero_description_url": "https://commons.wikimedia.org/wiki/File:Firenze_-_Florence_-_Via_di_San_Niccol%C3%B2_-_View_East_on_chiesa_di_San_Niccol%C3%B2_Oltrarno.jpg",
        "hero_artist": "Txllxt TxllxT",
        "hero_license_name": "CC BY-SA 4.0",
        "hero_license_url": "https://creativecommons.org/licenses/by-sa/4.0",
        "website": null,
        "wikidata_url": "https://www.wikidata.org/wiki/Q3671413",
        "osm_url": "https://www.openstreetmap.org/way/599897663"
      }
    },
    {
      "type": "Feature",
      "id": "Q3671431",
      "geometry": {
        "type": "Point",
        "coordinates": [
          14.231939,
          41.855323
        ]
      },
      "properties": {
        "id": "Q3671431",
        "slug": "chiesa-di-san-nicola-q3671431",
        "name": "chiesa di San Nicola",
        "church_type": "church",
        "region": "Molise",
        "historic_scope": "historic",
        "date_display": "1727",
        "date_kind": "year",
        "start_year": 1727,
        "end_year": 1727,
        "date_source": "wikidata",
        "date_basis": "inception",
        "date_source_name": "Wikidata",
        "date_source_url": "https://www.wikidata.org/wiki/Q3671431",
        "date_sources": [
          {
            "name": "Wikidata",
            "url": "https://www.wikidata.org/wiki/Q3671431",
            "source_id": "Q3671431"
          }
        ],
        "historical_phases": [],
        "coordinate_source": "wikidata",
        "hero_image": null,
        "hero_filename": null,
        "hero_description_url": null,
        "hero_artist": null,
        "hero_license_name": null,
        "hero_license_url": null,
        "website": "http://www.comune.casteldelgiudice.is.it/parrocchia.htm",
        "wikidata_url": "https://www.wikidata.org/wiki/Q3671431",
        "osm_url": "https://www.openstreetmap.org/way/376271073"
      }
    },
    {
      "type": "Feature",
      "id": "Q3671531",
      "geometry": {
        "type": "Point",
        "coordinates": [
          11.2477,
          43.7727
        ]
      },
      "properties": {
        "id": "Q3671531",
        "slug": "chiesa-di-san-paolino-q3671531",
        "name": "chiesa di San Paolino",
        "church_type": "church",
        "region": "Tuscany",
        "historic_scope": "historic",
        "date_display": "1094",
        "date_kind": "year",
        "start_year": 1094,
        "end_year": 1094,
        "date_source": "wikidata",
        "date_basis": "inception",
        "date_source_name": "Wikidata",
        "date_source_url": "https://www.wikidata.org/wiki/Q3671531",
        "date_sources": [
          {
            "name": "Wikidata",
            "url": "https://www.wikidata.org/wiki/Q3671531",
            "source_id": "Q3671531"
          }
        ],
        "historical_phases": [],
        "coordinate_source": "wikidata",
        "hero_image": "https://upload.wikimedia.org/wikipedia/commons/3/38/San_paolino%2C_facciata.JPG",
        "hero_filename": "San paolino, facciata.JPG",
        "hero_description_url": "https://commons.wikimedia.org/wiki/File:San_paolino,_facciata.JPG",
        "hero_artist": "sailko",
        "hero_license_name": "CC BY 2.5",
        "hero_license_url": "https://creativecommons.org/licenses/by/2.5",
        "website": null,
        "wikidata_url": "https://www.wikidata.org/wiki/Q3671531",
        "osm_url": "https://www.openstreetmap.org/way/800365632"
      }
    },
    {
      "type": "Feature",
      "id": "Q3671588",
      "geometry": {
        "type": "Point",
        "coordinates": [
          11.24412,
          43.76317
        ]
      },
      "properties": {
        "id": "Q3671588",
        "slug": "chiesa-di-san-pier-gattolino-q3671588",
        "name": "chiesa di San Pier Gattolino",
        "church_type": "church",
        "region": "Tuscany",
        "historic_scope": "historic",
        "date_display": "1390",
        "date_kind": "year",
        "start_year": 1390,
        "end_year": 1390,
        "date_source": "wikidata",
        "date_basis": "inception",
        "date_source_name": "Wikidata",
        "date_source_url": "https://www.wikidata.org/wiki/Q3671588",
        "date_sources": [
          {
            "name": "Wikidata",
            "url": "https://www.wikidata.org/wiki/Q3671588",
            "source_id": "Q3671588"
          }
        ],
        "historical_phases": [],
        "coordinate_source": "wikidata",
        "hero_image": "https://upload.wikimedia.org/wikipedia/commons/thumb/a/af/Via_romana%2C_san_pier_gattolino%2C_01.jpg/1920px-Via_romana%2C_san_pier_gattolino%2C_01.jpg",
        "hero_filename": "Via romana, san pier gattolino, 01.jpg",
        "hero_description_url": "https://commons.wikimedia.org/wiki/File:Via_romana,_san_pier_gattolino,_01.jpg",
        "hero_artist": "Francesco Bini",
        "hero_license_name": "CC BY-SA 4.0",
        "hero_license_url": "https://creativecommons.org/licenses/by-sa/4.0",
        "website": null,
        "wikidata_url": "https://www.wikidata.org/wiki/Q3671588",
        "osm_url": "https://www.openstreetmap.org/way/306378148"
      }
    },
    {
      "type": "Feature",
      "id": "Q3671596",
      "geometry": {
        "type": "Point",
        "coordinates": [
          11.2564,
          43.7689
        ]
      },
      "properties": {
        "id": "Q3671596",
        "slug": "chiesa-di-san-pier-scheraggio-q3671596",
        "name": "chiesa di San Pier Scheraggio",
        "church_type": "church",
        "region": "Tuscany",
        "historic_scope": "historic",
        "date_display": "1068",
        "date_kind": "year",
        "start_year": 1068,
        "end_year": 1068,
        "date_source": "wikidata",
        "date_basis": "inception",
        "date_source_name": "Wikidata",
        "date_source_url": "https://www.wikidata.org/wiki/Q3671596",
        "date_sources": [
          {
            "name": "Wikidata",
            "url": "https://www.wikidata.org/wiki/Q3671596",
            "source_id": "Q3671596"
          }
        ],
        "historical_phases": [],
        "coordinate_source": "wikidata",
        "hero_image": "https://upload.wikimedia.org/wikipedia/commons/thumb/6/6a/View_of_Ancient_Florence_by_Fabio_Borbottoni_1820-1902_%2820%29.jpg/1920px-View_of_Ancient_Florence_by_Fabio_Borbottoni_1820-1902_%2820%29.jpg",
        "hero_filename": "View of Ancient Florence by Fabio Borbottoni 1820-1902 (20).jpg",
        "hero_description_url": "https://commons.wikimedia.org/wiki/File:View_of_Ancient_Florence_by_Fabio_Borbottoni_1820-1902_(20).jpg",
        "hero_artist": "Fabio Borbottoni",
        "hero_license_name": "Public domain",
        "hero_license_url": null,
        "website": null,
        "wikidata_url": "https://www.wikidata.org/wiki/Q3671596",
        "osm_url": null
      }
    },
    {
      "type": "Feature",
      "id": "Q3671748",
      "geometry": {
        "type": "Point",
        "coordinates": [
          11.18264,
          43.77227
        ]
      },
      "properties": {
        "id": "Q3671748",
        "slug": "chiesa-di-san-pietro-a-sollicciano-q3671748",
        "name": "chiesa di San Pietro a Sollicciano",
        "church_type": "church",
        "region": "Tuscany",
        "historic_scope": "historic",
        "date_display": "1050",
        "date_kind": "year",
        "start_year": 1050,
        "end_year": 1050,
        "date_source": "wikidata",
        "date_basis": "inception",
        "date_source_name": "Wikidata",
        "date_source_url": "https://www.wikidata.org/wiki/Q3671748",
        "date_sources": [
          {
            "name": "Wikidata",
            "url": "https://www.wikidata.org/wiki/Q3671748",
            "source_id": "Q3671748"
          }
        ],
        "historical_phases": [],
        "coordinate_source": "wikidata",
        "hero_image": "https://upload.wikimedia.org/wikipedia/commons/thumb/0/01/Firenze%2C_san_pietro_a_sollicciano%2C_esterno_01.jpg/1920px-Firenze%2C_san_pietro_a_sollicciano%2C_esterno_01.jpg",
        "hero_filename": "Firenze, san pietro a sollicciano, esterno 01.jpg",
        "hero_description_url": "https://commons.wikimedia.org/wiki/File:Firenze,_san_pietro_a_sollicciano,_esterno_01.jpg",
        "hero_artist": "Sailko",
        "hero_license_name": "CC BY-SA 4.0",
        "hero_license_url": "https://creativecommons.org/licenses/by-sa/4.0",
        "website": null,
        "wikidata_url": "https://www.wikidata.org/wiki/Q3671748",
        "osm_url": "https://www.openstreetmap.org/way/306224655"
      }
    },
    {
      "type": "Feature",
      "id": "Q3671752",
      "geometry": {
        "type": "Point",
        "coordinates": [
          11.30007,
          43.76681
        ]
      },
      "properties": {
        "id": "Q3671752",
        "slug": "chiesa-di-san-pietro-a-varlungo-q3671752",
        "name": "chiesa di San Pietro a Varlungo",
        "church_type": "church",
        "region": "Tuscany",
        "historic_scope": "historic",
        "date_display": "1107",
        "date_kind": "year",
        "start_year": 1107,
        "end_year": 1107,
        "date_source": "wikidata",
        "date_basis": "inception",
        "date_source_name": "Wikidata",
        "date_source_url": "https://www.wikidata.org/wiki/Q3671752",
        "date_sources": [
          {
            "name": "Wikidata",
            "url": "https://www.wikidata.org/wiki/Q3671752",
            "source_id": "Q3671752"
          }
        ],
        "historical_phases": [],
        "coordinate_source": "wikidata",
        "hero_image": "https://upload.wikimedia.org/wikipedia/commons/thumb/1/1a/San_pietro_a_varlungo%2C_ext.%2C_01.JPG/1920px-San_pietro_a_varlungo%2C_ext.%2C_01.JPG",
        "hero_filename": "San pietro a varlungo, ext., 01.JPG",
        "hero_description_url": "https://commons.wikimedia.org/wiki/File:San_pietro_a_varlungo,_ext.,_01.JPG",
        "hero_artist": "Sailko",
        "hero_license_name": "CC BY 3.0",
        "hero_license_url": "https://creativecommons.org/licenses/by/3.0",
        "website": null,
        "wikidata_url": "https://www.wikidata.org/wiki/Q3671752",
        "osm_url": "https://www.openstreetmap.org/way/306224847"
      }
    },
    {
      "type": "Feature",
      "id": "Q3671828",
      "geometry": {
        "type": "Point",
        "coordinates": [
          11.25873056,
          43.77079444
        ]
      },
      "properties": {
        "id": "Q3671828",
        "slug": "chiesa-di-san-procolo-q3671828",
        "name": "chiesa di San Procolo",
        "church_type": "church",
        "region": "Tuscany",
        "historic_scope": "historic",
        "date_display": "13th century",
        "date_kind": "century",
        "start_year": 1201,
        "end_year": 1300,
        "date_source": "wikidata",
        "date_basis": "inception",
        "date_source_name": "Wikidata",
        "date_source_url": "https://www.wikidata.org/wiki/Q3671828",
        "date_sources": [
          {
            "name": "Wikidata",
            "url": "https://www.wikidata.org/wiki/Q3671828",
            "source_id": "Q3671828"
          }
        ],
        "historical_phases": [],
        "coordinate_source": "wikidata",
        "hero_image": "https://upload.wikimedia.org/wikipedia/commons/thumb/3/37/Via_de%27_giraldi_angolo_via_pandolfini%2C_chiesa_di_san_procolo_01.jpg/1920px-Via_de%27_giraldi_angolo_via_pandolfini%2C_chiesa_di_san_procolo_01.jpg",
        "hero_filename": "Via de' giraldi angolo via pandolfini, chiesa di san procolo 01.jpg",
        "hero_description_url": "https://commons.wikimedia.org/wiki/File:Via_de%27_giraldi_angolo_via_pandolfini,_chiesa_di_san_procolo_01.jpg",
        "hero_artist": "Francesco Bini",
        "hero_license_name": "CC BY-SA 4.0",
        "hero_license_url": "https://creativecommons.org/licenses/by-sa/4.0",
        "website": "https://www.conoscifirenze.it/luoghi-di-culto-a-firenze/684-Chiesa-di-San-Procolo.html",
        "wikidata_url": "https://www.wikidata.org/wiki/Q3671828",
        "osm_url": "https://www.openstreetmap.org/way/306156989"
      }
    },
    {
      "type": "Feature",
      "id": "Q3671846",
      "geometry": {
        "type": "Point",
        "coordinates": [
          11.33916667,
          43.31666667
        ]
      },
      "properties": {
        "id": "Q3671846",
        "slug": "chiesa-di-san-raimondo-al-refugio-q3671846",
        "name": "chiesa di San Raimondo al Refugio",
        "church_type": "church",
        "region": "Tuscany",
        "historic_scope": "historic",
        "date_display": "1601",
        "date_kind": "year",
        "start_year": 1601,
        "end_year": 1601,
        "date_source": "wikidata",
        "date_basis": "inception",
        "date_source_name": "Wikidata",
        "date_source_url": "https://www.wikidata.org/wiki/Q3671846",
        "date_sources": [
          {
            "name": "Wikidata",
            "url": "https://www.wikidata.org/wiki/Q3671846",
            "source_id": "Q3671846"
          }
        ],
        "historical_phases": [],
        "coordinate_source": "wikidata",
        "hero_image": "https://upload.wikimedia.org/wikipedia/commons/thumb/9/94/San_Raimondo_al_Refugio_01.JPG/1920px-San_Raimondo_al_Refugio_01.JPG",
        "hero_filename": "San Raimondo al Refugio 01.JPG",
        "hero_description_url": "https://commons.wikimedia.org/wiki/File:San_Raimondo_al_Refugio_01.JPG",
        "hero_artist": "Sailko",
        "hero_license_name": "CC BY-SA 3.0",
        "hero_license_url": "https://creativecommons.org/licenses/by-sa/3.0",
        "website": "http://www.fondazioneconservatoririunitisiena.it/it/",
        "wikidata_url": "https://www.wikidata.org/wiki/Q3671846",
        "osm_url": "https://www.openstreetmap.org/way/47188200"
      }
    },
    {
      "type": "Feature",
      "id": "Q3671856",
      "geometry": {
        "type": "Point",
        "coordinates": [
          11.2584,
          43.76838
        ]
      },
      "properties": {
        "id": "Q3671856",
        "slug": "chiesa-di-san-remigio-q3671856",
        "name": "chiesa di San Remigio",
        "church_type": "church",
        "region": "Tuscany",
        "historic_scope": "historic",
        "date_display": "11th century",
        "date_kind": "century",
        "start_year": 1001,
        "end_year": 1100,
        "date_source": "manual",
        "date_basis": "origin",
        "date_source_name": "Florence As It Was",
        "date_source_url": "https://florenceasitwas.wlu.edu/sources/walter-and-elisabeth-paatz-die-kirchen-von-florenz-vol-v-5-18-english-translation",
        "date_sources": [
          {
            "name": "Florence As It Was",
            "url": "https://florenceasitwas.wlu.edu/sources/walter-and-elisabeth-paatz-die-kirchen-von-florenz-vol-v-5-18-english-translation",
            "source_id": null
          }
        ],
        "historical_phases": [],
        "coordinate_source": "wikidata",
        "hero_image": "https://upload.wikimedia.org/wikipedia/commons/thumb/6/6f/Piazza_san_remigio%2C_chiesa_di_san_remigio_01%2C0.jpg/1920px-Piazza_san_remigio%2C_chiesa_di_san_remigio_01%2C0.jpg",
        "hero_filename": "Piazza san remigio, chiesa di san remigio 01,0.jpg",
        "hero_description_url": "https://commons.wikimedia.org/wiki/File:Piazza_san_remigio,_chiesa_di_san_remigio_01,0.jpg",
        "hero_artist": "Sailko",
        "hero_license_name": "CC BY 3.0",
        "hero_license_url": "https://creativecommons.org/licenses/by/3.0",
        "website": null,
        "wikidata_url": "https://www.wikidata.org/wiki/Q3671856",
        "osm_url": "https://www.openstreetmap.org/way/238431529"
      }
    },
    {
      "type": "Feature",
      "id": "Q3671987",
      "geometry": {
        "type": "Point",
        "coordinates": [
          11.254059811194464,
          43.77303782903239
        ]
      },
      "properties": {
        "id": "Q3671987",
        "slug": "chiesa-di-san-salvatore-al-vescovo-q3671987",
        "name": "chiesa di San Salvatore al Vescovo",
        "church_type": "church",
        "region": "Tuscany",
        "historic_scope": "historic",
        "date_display": "1221",
        "date_kind": "year",
        "start_year": 1221,
        "end_year": 1221,
        "date_source": "wikidata",
        "date_basis": "inception",
        "date_source_name": "Wikidata",
        "date_source_url": "https://www.wikidata.org/wiki/Q3671987",
        "date_sources": [
          {
            "name": "Wikidata",
            "url": "https://www.wikidata.org/wiki/Q3671987",
            "source_id": "Q3671987"
          }
        ],
        "historical_phases": [],
        "coordinate_source": "wikidata",
        "hero_image": "https://upload.wikimedia.org/wikipedia/commons/e/ec/San_Salvatore_al_Vescovo.JPG",
        "hero_filename": "San Salvatore al Vescovo.JPG",
        "hero_description_url": "https://commons.wikimedia.org/wiki/File:San_Salvatore_al_Vescovo.JPG",
        "hero_artist": "Sailko",
        "hero_license_name": "CC BY 2.5",
        "hero_license_url": "https://creativecommons.org/licenses/by/2.5",
        "website": null,
        "wikidata_url": "https://www.wikidata.org/wiki/Q3671987",
        "osm_url": "https://www.openstreetmap.org/node/4758517538"
      }
    },
    {
      "type": "Feature",
      "id": "Q3672017",
      "geometry": {
        "type": "Point",
        "coordinates": [
          10.306109,
          43.549147
        ]
      },
      "properties": {
        "id": "Q3672017",
        "slug": "chiesa-di-san-sebastiano-q3672017",
        "name": "chiesa di San Sebastiano",
        "church_type": "church",
        "region": "Tuscany",
        "historic_scope": "historic",
        "date_display": "1633",
        "date_kind": "year",
        "start_year": 1633,
        "end_year": 1633,
        "date_source": "wikidata",
        "date_basis": "inception",
        "date_source_name": "Wikidata",
        "date_source_url": "https://www.wikidata.org/wiki/Q3672017",
        "date_sources": [
          {
            "name": "Wikidata",
            "url": "https://www.wikidata.org/wiki/Q3672017",
            "source_id": "Q3672017"
          }
        ],
        "historical_phases": [],
        "coordinate_source": "wikidata",
        "hero_image": "https://upload.wikimedia.org/wikipedia/commons/thumb/c/cb/Chiesa_San_Sebastiano%2C_Livorno.jpg/1920px-Chiesa_San_Sebastiano%2C_Livorno.jpg",
        "hero_filename": "Chiesa San Sebastiano, Livorno.jpg",
        "hero_description_url": "https://commons.wikimedia.org/wiki/File:Chiesa_San_Sebastiano,_Livorno.jpg",
        "hero_artist": "Lucarelli",
        "hero_license_name": "CC BY-SA 3.0",
        "hero_license_url": "https://creativecommons.org/licenses/by-sa/3.0",
        "website": "http://www.icrss.it/livorno/",
        "wikidata_url": "https://www.wikidata.org/wiki/Q3672017",
        "osm_url": "https://www.openstreetmap.org/node/630952981"
      }
    },
    {
      "type": "Feature",
      "id": "Q3672030",
      "geometry": {
        "type": "Point",
        "coordinates": [
          11.327395,
          43.317403
        ]
      },
      "properties": {
        "id": "Q3672030",
        "slug": "chiesa-di-san-sebastiano-in-vallepiatta-q3672030",
        "name": "chiesa di San Sebastiano in Vallepiatta",
        "church_type": "church",
        "region": "Tuscany",
        "historic_scope": "historic",
        "date_display": "15th century",
        "date_kind": "century",
        "start_year": 1401,
        "end_year": 1500,
        "date_source": "wikidata",
        "date_basis": "inception",
        "date_source_name": "Wikidata",
        "date_source_url": "https://www.wikidata.org/wiki/Q3672030",
        "date_sources": [
          {
            "name": "Wikidata",
            "url": "https://www.wikidata.org/wiki/Q3672030",
            "source_id": "Q3672030"
          }
        ],
        "historical_phases": [],
        "coordinate_source": "wikidata",
        "hero_image": "https://upload.wikimedia.org/wikipedia/commons/thumb/8/8d/Piazzetta_della_selva_01.JPG/1920px-Piazzetta_della_selva_01.JPG",
        "hero_filename": "Piazzetta della selva 01.JPG",
        "hero_description_url": "https://commons.wikimedia.org/wiki/File:Piazzetta_della_selva_01.JPG",
        "hero_artist": "Sailko",
        "hero_license_name": "CC BY-SA 3.0",
        "hero_license_url": "https://creativecommons.org/licenses/by-sa/3.0",
        "website": null,
        "wikidata_url": "https://www.wikidata.org/wiki/Q3672030",
        "osm_url": "https://www.openstreetmap.org/way/47800501"
      }
    },
    {
      "type": "Feature",
      "id": "Q3672048",
      "geometry": {
        "type": "Point",
        "coordinates": [
          14.458308,
          41.706455
        ]
      },
      "properties": {
        "id": "Q3672048",
        "slug": "chiesa-di-san-silvestro-q3672048",
        "name": "chiesa di San Silvestro",
        "church_type": "church",
        "region": "Molise",
        "historic_scope": "historic",
        "date_display": "13th century",
        "date_kind": "century",
        "start_year": 1201,
        "end_year": 1300,
        "date_source": "wikidata",
        "date_basis": "inception",
        "date_source_name": "Wikidata",
        "date_source_url": "https://www.wikidata.org/wiki/Q3672048",
        "date_sources": [
          {
            "name": "Wikidata",
            "url": "https://www.wikidata.org/wiki/Q3672048",
            "source_id": "Q3672048"
          }
        ],
        "historical_phases": [],
        "coordinate_source": "wikidata",
        "hero_image": "https://upload.wikimedia.org/wikipedia/commons/3/3f/PanoramaChiesaSanSilvestro_BagnoliDelTrigno.jpg",
        "hero_filename": "PanoramaChiesaSanSilvestro BagnoliDelTrigno.jpg",
        "hero_description_url": "https://commons.wikimedia.org/wiki/File:PanoramaChiesaSanSilvestro_BagnoliDelTrigno.jpg",
        "hero_artist": "Luigi Salimbeni",
        "hero_license_name": "CC BY-SA 3.0",
        "hero_license_url": "https://creativecommons.org/licenses/by-sa/3.0",
        "website": null,
        "wikidata_url": "https://www.wikidata.org/wiki/Q3672048",
        "osm_url": "https://www.openstreetmap.org/way/369107371"
      }
    },
    {
      "type": "Feature",
      "id": "Q3672358",
      "geometry": {
        "type": "Point",
        "coordinates": [
          11.26668,
          43.77152
        ]
      },
      "properties": {
        "id": "Q3672358",
        "slug": "chiesa-di-sant-ambrogio-q3672358",
        "name": "chiesa di Sant'Ambrogio",
        "church_type": "church",
        "region": "Tuscany",
        "historic_scope": "historic",
        "date_display": "8th century",
        "date_kind": "century",
        "start_year": 701,
        "end_year": 800,
        "date_source": "wikidata",
        "date_basis": "inception",
        "date_source_name": "Wikidata",
        "date_source_url": "https://www.wikidata.org/wiki/Q3672358",
        "date_sources": [
          {
            "name": "Wikidata",
            "url": "https://www.wikidata.org/wiki/Q3672358",
            "source_id": "Q3672358"
          }
        ],
        "historical_phases": [],
        "coordinate_source": "wikidata",
        "hero_image": "https://upload.wikimedia.org/wikipedia/commons/thumb/3/34/Firenze_-_Florence_-_Piazza_Sant%27Ambrogio_-_ICE_Photocompilation_Viewing_from_NE_to_East_on_Chiesa_di_Sant%27Ambrogio.jpg/1920px-Firenze_-_Florence_-_Piazza_Sant%27Ambrogio_-_ICE_Photocompilation_Viewing_from_NE_to_East_on_Chiesa_di_Sant%27Ambrogio.jpg",
        "hero_filename": "Firenze - Florence - Piazza Sant'Ambrogio - ICE Photocompilation Viewing from NE to East on Chiesa di Sant'Ambrogio.jpg",
        "hero_description_url": "https://commons.wikimedia.org/wiki/File:Firenze_-_Florence_-_Piazza_Sant%27Ambrogio_-_ICE_Photocompilation_Viewing_from_NE_to_East_on_Chiesa_di_Sant%27Ambrogio.jpg",
        "hero_artist": "Txllxt TxllxT",
        "hero_license_name": "CC BY-SA 4.0",
        "hero_license_url": "https://creativecommons.org/licenses/by-sa/4.0",
        "website": null,
        "wikidata_url": "https://www.wikidata.org/wiki/Q3672358",
        "osm_url": "https://www.openstreetmap.org/way/599901040"
      }
    },
    {
      "type": "Feature",
      "id": "Q3672660",
      "geometry": {
        "type": "Point",
        "coordinates": [
          11.10593611,
          42.66722778
        ]
      },
      "properties": {
        "id": "Q3672660",
        "slug": "chiesa-di-sant-antonio-abate-q3672660",
        "name": "chiesa di Sant'Antonio Abate",
        "church_type": "church",
        "region": "Tuscany",
        "historic_scope": "historic",
        "date_display": "1587",
        "date_kind": "year",
        "start_year": 1587,
        "end_year": 1587,
        "date_source": "wikidata",
        "date_basis": "inception",
        "date_source_name": "Wikidata",
        "date_source_url": "https://www.wikidata.org/wiki/Q3672660",
        "date_sources": [
          {
            "name": "Wikidata",
            "url": "https://www.wikidata.org/wiki/Q3672660",
            "source_id": "Q3672660"
          }
        ],
        "historical_phases": [],
        "coordinate_source": "wikidata",
        "hero_image": null,
        "hero_filename": null,
        "hero_description_url": null,
        "hero_artist": null,
        "hero_license_name": null,
        "hero_license_url": null,
        "website": null,
        "wikidata_url": "https://www.wikidata.org/wiki/Q3672660",
        "osm_url": "https://www.openstreetmap.org/way/715599859"
      }
    },
    {
      "type": "Feature",
      "id": "Q3672682",
      "geometry": {
        "type": "Point",
        "coordinates": [
          10.39797,
          43.71099
        ]
      },
      "properties": {
        "id": "Q3672682",
        "slug": "chiesa-di-sant-antonio-abate-q3672682",
        "name": "chiesa di Sant'Antonio Abate",
        "church_type": "church",
        "region": "Tuscany",
        "historic_scope": "historic",
        "date_display": "1341",
        "date_kind": "year",
        "start_year": 1341,
        "end_year": 1341,
        "date_source": "wikidata",
        "date_basis": "inception",
        "date_source_name": "Wikidata",
        "date_source_url": "https://www.wikidata.org/wiki/Q3672682",
        "date_sources": [
          {
            "name": "Wikidata",
            "url": "https://www.wikidata.org/wiki/Q3672682",
            "source_id": "Q3672682"
          }
        ],
        "historical_phases": [],
        "coordinate_source": "wikidata",
        "hero_image": "https://upload.wikimedia.org/wikipedia/commons/thumb/a/a7/Sant%27Antonio_Abate%2C_Pisa%2C_facciata.JPG/1920px-Sant%27Antonio_Abate%2C_Pisa%2C_facciata.JPG",
        "hero_filename": "Sant'Antonio Abate, Pisa, facciata.JPG",
        "hero_description_url": "https://commons.wikimedia.org/wiki/File:Sant%27Antonio_Abate,_Pisa,_facciata.JPG",
        "hero_artist": "Lucarelli",
        "hero_license_name": "CC BY-SA 3.0",
        "hero_license_url": "https://creativecommons.org/licenses/by-sa/3.0",
        "website": null,
        "wikidata_url": "https://www.wikidata.org/wiki/Q3672682",
        "osm_url": "https://www.openstreetmap.org/way/150277379"
      }
    },
    {
      "type": "Feature",
      "id": "Q3672727",
      "geometry": {
        "type": "Point",
        "coordinates": [
          10.373284,
          43.71687
        ]
      },
      "properties": {
        "id": "Q3672727",
        "slug": "chiesa-di-sant-apollinare-q3672727",
        "name": "chiesa di Sant'Apollinare",
        "church_type": "church",
        "region": "Tuscany",
        "historic_scope": "historic",
        "date_display": "1782",
        "date_kind": "year",
        "start_year": 1782,
        "end_year": 1782,
        "date_source": "wikidata",
        "date_basis": "inception",
        "date_source_name": "Wikidata",
        "date_source_url": "https://www.wikidata.org/wiki/Q3672727",
        "date_sources": [
          {
            "name": "Wikidata",
            "url": "https://www.wikidata.org/wiki/Q3672727",
            "source_id": "Q3672727"
          }
        ],
        "historical_phases": [],
        "coordinate_source": "wikidata",
        "hero_image": "https://upload.wikimedia.org/wikipedia/commons/thumb/7/71/San_Apollinare_Barbaricina%2C_Pisa.JPG/1920px-San_Apollinare_Barbaricina%2C_Pisa.JPG",
        "hero_filename": "San Apollinare Barbaricina, Pisa.JPG",
        "hero_description_url": "https://commons.wikimedia.org/wiki/File:San_Apollinare_Barbaricina,_Pisa.JPG",
        "hero_artist": "Lucarelli",
        "hero_license_name": "CC BY-SA 3.0",
        "hero_license_url": "https://creativecommons.org/licenses/by-sa/3.0",
        "website": null,
        "wikidata_url": "https://www.wikidata.org/wiki/Q3672727",
        "osm_url": "https://www.openstreetmap.org/way/308613214"
      }
    },
    {
      "type": "Feature",
      "id": "Q3672859",
      "geometry": {
        "type": "Point",
        "coordinates": [
          11.260347,
          43.767464
        ]
      },
      "properties": {
        "id": "Q3672859",
        "slug": "chiesa-di-sant-onofrio-q3672859",
        "name": "chiesa di Sant'Onofrio",
        "church_type": "church",
        "region": "Tuscany",
        "historic_scope": "historic",
        "date_display": "1724",
        "date_kind": "year",
        "start_year": 1724,
        "end_year": 1724,
        "date_source": "wikidata",
        "date_basis": "inception",
        "date_source_name": "Wikidata",
        "date_source_url": "https://www.wikidata.org/wiki/Q3672859",
        "date_sources": [
          {
            "name": "Wikidata",
            "url": "https://www.wikidata.org/wiki/Q3672859",
            "source_id": "Q3672859"
          }
        ],
        "historical_phases": [],
        "coordinate_source": "wikidata",
        "hero_image": null,
        "hero_filename": null,
        "hero_description_url": null,
        "hero_artist": null,
        "hero_license_name": null,
        "hero_license_url": null,
        "website": null,
        "wikidata_url": "https://www.wikidata.org/wiki/Q3672859",
        "osm_url": null
      }
    },
    {
      "type": "Feature",
      "id": "Q3672897",
      "geometry": {
        "type": "Point",
        "coordinates": [
          11.286471,
          43.752863
        ]
      },
      "properties": {
        "id": "Q3672897",
        "slug": "chiesa-di-santa-brigida-al-paradiso-q3672897",
        "name": "chiesa di Santa Brigida al Paradiso",
        "church_type": "church",
        "region": "Tuscany",
        "historic_scope": "historic",
        "date_display": "1390",
        "date_kind": "year",
        "start_year": 1390,
        "end_year": 1390,
        "date_source": "wikidata",
        "date_basis": "inception",
        "date_source_name": "Wikidata",
        "date_source_url": "https://www.wikidata.org/wiki/Q3672897",
        "date_sources": [
          {
            "name": "Wikidata",
            "url": "https://www.wikidata.org/wiki/Q3672897",
            "source_id": "Q3672897"
          }
        ],
        "historical_phases": [],
        "coordinate_source": "wikidata",
        "hero_image": null,
        "hero_filename": null,
        "hero_description_url": null,
        "hero_artist": null,
        "hero_license_name": null,
        "hero_license_url": null,
        "website": null,
        "wikidata_url": "https://www.wikidata.org/wiki/Q3672897",
        "osm_url": "https://www.openstreetmap.org/node/5328055520"
      }
    },
    {
      "type": "Feature",
      "id": "Q3672904",
      "geometry": {
        "type": "Point",
        "coordinates": [
          10.30823,
          43.5549
        ]
      },
      "properties": {
        "id": "Q3672904",
        "slug": "chiesa-di-santa-caterina-q3672904",
        "name": "chiesa di Santa Caterina",
        "church_type": "church",
        "region": "Tuscany",
        "historic_scope": "historic",
        "date_display": "1753",
        "date_kind": "year",
        "start_year": 1753,
        "end_year": 1753,
        "date_source": "wikidata",
        "date_basis": "inception",
        "date_source_name": "Wikidata",
        "date_source_url": "https://www.wikidata.org/wiki/Q3672904",
        "date_sources": [
          {
            "name": "Wikidata",
            "url": "https://www.wikidata.org/wiki/Q3672904",
            "source_id": "Q3672904"
          }
        ],
        "historical_phases": [],
        "coordinate_source": "wikidata",
        "hero_image": "https://upload.wikimedia.org/wikipedia/commons/thumb/0/05/Chiesa_Santa_Caterina%2C_Livorno.jpg/1920px-Chiesa_Santa_Caterina%2C_Livorno.jpg",
        "hero_filename": "Chiesa Santa Caterina, Livorno.jpg",
        "hero_description_url": "https://commons.wikimedia.org/wiki/File:Chiesa_Santa_Caterina,_Livorno.jpg",
        "hero_artist": "Lucarelli",
        "hero_license_name": "CC BY-SA 3.0",
        "hero_license_url": "https://creativecommons.org/licenses/by-sa/3.0",
        "website": "http://www.chiesadisantacaterina.it/",
        "wikidata_url": "https://www.wikidata.org/wiki/Q3672904",
        "osm_url": "https://www.openstreetmap.org/way/121984159"
      }
    },
    {
      "type": "Feature",
      "id": "Q3672942",
      "geometry": {
        "type": "Point",
        "coordinates": [
          11.25481389,
          43.76966944
        ]
      },
      "properties": {
        "id": "Q3672942",
        "slug": "chiesa-di-santa-cecilia-q3672942",
        "name": "chiesa di Santa Cecilia",
        "church_type": "church",
        "region": "Tuscany",
        "historic_scope": "historic",
        "date_display": "1637",
        "date_kind": "year",
        "start_year": 1637,
        "end_year": 1637,
        "date_source": "wikidata",
        "date_basis": "inception",
        "date_source_name": "Wikidata",
        "date_source_url": "https://www.wikidata.org/wiki/Q3672942",
        "date_sources": [
          {
            "name": "Wikidata",
            "url": "https://www.wikidata.org/wiki/Q3672942",
            "source_id": "Q3672942"
          }
        ],
        "historical_phases": [],
        "coordinate_source": "wikidata",
        "hero_image": null,
        "hero_filename": null,
        "hero_description_url": null,
        "hero_artist": null,
        "hero_license_name": null,
        "hero_license_url": null,
        "website": null,
        "wikidata_url": "https://www.wikidata.org/wiki/Q3672942",
        "osm_url": null
      }
    },
    {
      "type": "Feature",
      "id": "Q3672967",
      "geometry": {
        "type": "Point",
        "coordinates": [
          10.39566,
          43.72176
        ]
      },
      "properties": {
        "id": "Q3672967",
        "slug": "chiesa-di-santa-chiara-q3672967",
        "name": "chiesa di Santa Chiara",
        "church_type": "church",
        "region": "Tuscany",
        "historic_scope": "historic",
        "date_display": "1277",
        "date_kind": "year",
        "start_year": 1277,
        "end_year": 1277,
        "date_source": "wikidata",
        "date_basis": "inception",
        "date_source_name": "Wikidata",
        "date_source_url": "https://www.wikidata.org/wiki/Q3672967",
        "date_sources": [
          {
            "name": "Wikidata",
            "url": "https://www.wikidata.org/wiki/Q3672967",
            "source_id": "Q3672967"
          }
        ],
        "historical_phases": [],
        "coordinate_source": "wikidata",
        "hero_image": "https://upload.wikimedia.org/wikipedia/commons/9/97/Chiesa_di_santa_chiara%2C_pisa.JPG",
        "hero_filename": "Chiesa di santa chiara, pisa.JPG",
        "hero_description_url": "https://commons.wikimedia.org/wiki/File:Chiesa_di_santa_chiara,_pisa.JPG",
        "hero_artist": "Sailko",
        "hero_license_name": "CC BY 2.5",
        "hero_license_url": "https://creativecommons.org/licenses/by/2.5",
        "website": null,
        "wikidata_url": "https://www.wikidata.org/wiki/Q3672967",
        "osm_url": "https://www.openstreetmap.org/way/701045442"
      }
    },
    {
      "type": "Feature",
      "id": "Q3673046",
      "geometry": {
        "type": "Point",
        "coordinates": [
          10.39828,
          43.71972
        ]
      },
      "properties": {
        "id": "Q3673046",
        "slug": "chiesa-di-santa-eufrasia-q3673046",
        "name": "chiesa di Santa Eufrasia",
        "church_type": "church",
        "region": "Tuscany",
        "historic_scope": "historic",
        "date_display": "1124",
        "date_kind": "year",
        "start_year": 1124,
        "end_year": 1124,
        "date_source": "wikidata",
        "date_basis": "inception",
        "date_source_name": "Wikidata",
        "date_source_url": "https://www.wikidata.org/wiki/Q3673046",
        "date_sources": [
          {
            "name": "Wikidata",
            "url": "https://www.wikidata.org/wiki/Q3673046",
            "source_id": "Q3673046"
          }
        ],
        "historical_phases": [],
        "coordinate_source": "wikidata",
        "hero_image": "https://upload.wikimedia.org/wikipedia/commons/thumb/8/89/Chiesa_Santa_Eufrasia%2C_Pisa.JPG/1920px-Chiesa_Santa_Eufrasia%2C_Pisa.JPG",
        "hero_filename": "Chiesa Santa Eufrasia, Pisa.JPG",
        "hero_description_url": "https://commons.wikimedia.org/wiki/File:Chiesa_Santa_Eufrasia,_Pisa.JPG",
        "hero_artist": "Lucarelli",
        "hero_license_name": "CC BY-SA 3.0",
        "hero_license_url": "https://creativecommons.org/licenses/by-sa/3.0",
        "website": null,
        "wikidata_url": "https://www.wikidata.org/wiki/Q3673046",
        "osm_url": "https://www.openstreetmap.org/way/669784441"
      }
    },
    {
      "type": "Feature",
      "id": "Q3673065",
      "geometry": {
        "type": "Point",
        "coordinates": [
          10.310079,
          43.550103
        ]
      },
      "properties": {
        "id": "Q3673065",
        "slug": "chiesa-di-santa-giulia-q3673065",
        "name": "chiesa di Santa Giulia",
        "church_type": "church",
        "region": "Tuscany",
        "historic_scope": "historic",
        "date_display": "1602",
        "date_kind": "year",
        "start_year": 1602,
        "end_year": 1602,
        "date_source": "wikidata",
        "date_basis": "inception",
        "date_source_name": "Wikidata",
        "date_source_url": "https://www.wikidata.org/wiki/Q3673065",
        "date_sources": [
          {
            "name": "Wikidata",
            "url": "https://www.wikidata.org/wiki/Q3673065",
            "source_id": "Q3673065"
          }
        ],
        "historical_phases": [],
        "coordinate_source": "wikidata",
        "hero_image": "https://upload.wikimedia.org/wikipedia/commons/thumb/0/07/Livorno%2C_santa_giulia%2C_esterno%2C_01.jpg/1920px-Livorno%2C_santa_giulia%2C_esterno%2C_01.jpg",
        "hero_filename": "Livorno, santa giulia, esterno, 01.jpg",
        "hero_description_url": "https://commons.wikimedia.org/wiki/File:Livorno,_santa_giulia,_esterno,_01.jpg",
        "hero_artist": "Sailko",
        "hero_license_name": "CC BY 3.0",
        "hero_license_url": "https://creativecommons.org/licenses/by/3.0",
        "website": null,
        "wikidata_url": "https://www.wikidata.org/wiki/Q3673065",
        "osm_url": "https://www.openstreetmap.org/way/1070318719"
      }
    },
    {
      "type": "Feature",
      "id": "Q3673138",
      "geometry": {
        "type": "Point",
        "coordinates": [
          11.25679,
          43.76549
        ]
      },
      "properties": {
        "id": "Q3673138",
        "slug": "chiesa-di-santa-lucia-dei-magnoli-q3673138",
        "name": "chiesa di Santa Lucia dei Magnoli",
        "church_type": "church",
        "region": "Tuscany",
        "historic_scope": "historic",
        "date_display": "1078",
        "date_kind": "year",
        "start_year": 1078,
        "end_year": 1078,
        "date_source": "manual",
        "date_basis": "origin",
        "date_source_name": "Firenze Oltrarno",
        "date_source_url": "https://www.firenze-oltrarno.net/english/arte/santaluciademagnoli.php",
        "date_sources": [
          {
            "name": "Firenze Oltrarno",
            "url": "https://www.firenze-oltrarno.net/english/arte/santaluciademagnoli.php",
            "source_id": null
          }
        ],
        "historical_phases": [],
        "coordinate_source": "wikidata",
        "hero_image": "https://upload.wikimedia.org/wikipedia/commons/a/a3/Santa_lucia_dei_magnoli_01.JPG",
        "hero_filename": "Santa lucia dei magnoli 01.JPG",
        "hero_description_url": "https://commons.wikimedia.org/wiki/File:Santa_lucia_dei_magnoli_01.JPG",
        "hero_artist": "sailko",
        "hero_license_name": "CC BY 2.5",
        "hero_license_url": "https://creativecommons.org/licenses/by/2.5",
        "website": null,
        "wikidata_url": "https://www.wikidata.org/wiki/Q3673138",
        "osm_url": "https://www.openstreetmap.org/way/306694385"
      }
    },
    {
      "type": "Feature",
      "id": "Q3673187",
      "geometry": {
        "type": "Point",
        "coordinates": [
          11.25659,
          43.77157
        ]
      },
      "properties": {
        "id": "Q3673187",
        "slug": "chiesa-di-santa-margherita-in-santa-maria-de-ricci-q3673187",
        "name": "chiesa di Santa Margherita in Santa Maria de' Ricci",
        "church_type": "church",
        "region": "Tuscany",
        "historic_scope": "historic",
        "date_display": "1508",
        "date_kind": "year",
        "start_year": 1508,
        "end_year": 1508,
        "date_source": "wikidata",
        "date_basis": "inception",
        "date_source_name": "Wikidata",
        "date_source_url": "https://www.wikidata.org/wiki/Q3673187",
        "date_sources": [
          {
            "name": "Wikidata",
            "url": "https://www.wikidata.org/wiki/Q3673187",
            "source_id": "Q3673187"
          }
        ],
        "historical_phases": [],
        "coordinate_source": "wikidata",
        "hero_image": "https://upload.wikimedia.org/wikipedia/commons/3/39/Santa_Margherita_in_Santa_Maria_de%27_Ricci_11.JPG",
        "hero_filename": "Santa Margherita in Santa Maria de' Ricci 11.JPG",
        "hero_description_url": "https://commons.wikimedia.org/wiki/File:Santa_Margherita_in_Santa_Maria_de%27_Ricci_11.JPG",
        "hero_artist": "sailko",
        "hero_license_name": "CC BY-SA 3.0",
        "hero_license_url": "https://creativecommons.org/licenses/by-sa/3.0",
        "website": null,
        "wikidata_url": "https://www.wikidata.org/wiki/Q3673187",
        "osm_url": "https://www.openstreetmap.org/way/307544546"
      }
    },
    {
      "type": "Feature",
      "id": "Q3673580",
      "geometry": {
        "type": "Point",
        "coordinates": [
          11.2185492916,
          43.7960690459
        ]
      },
      "properties": {
        "id": "Q3673580",
        "slug": "chiesa-di-santa-maria-a-novoli-q3673580",
        "name": "chiesa di Santa Maria a Novoli",
        "church_type": "church",
        "region": "Tuscany",
        "historic_scope": "historic",
        "date_display": "1647",
        "date_kind": "year",
        "start_year": 1647,
        "end_year": 1647,
        "date_source": "wikidata",
        "date_basis": "inception",
        "date_source_name": "Wikidata",
        "date_source_url": "https://www.wikidata.org/wiki/Q3673580",
        "date_sources": [
          {
            "name": "Wikidata",
            "url": "https://www.wikidata.org/wiki/Q3673580",
            "source_id": "Q3673580"
          }
        ],
        "historical_phases": [],
        "coordinate_source": "wikidata",
        "hero_image": "https://upload.wikimedia.org/wikipedia/commons/thumb/e/ee/Santa_maria_a_novoli_01.JPG/1920px-Santa_maria_a_novoli_01.JPG",
        "hero_filename": "Santa maria a novoli 01.JPG",
        "hero_description_url": "https://commons.wikimedia.org/wiki/File:Santa_maria_a_novoli_01.JPG",
        "hero_artist": "sailko",
        "hero_license_name": "CC BY 2.5",
        "hero_license_url": "https://creativecommons.org/licenses/by/2.5",
        "website": null,
        "wikidata_url": "https://www.wikidata.org/wiki/Q3673580",
        "osm_url": "https://www.openstreetmap.org/way/307536891"
      }
    },
    {
      "type": "Feature",
      "id": "Q3673595",
      "geometry": {
        "type": "Point",
        "coordinates": [
          11.24085,
          43.81875
        ]
      },
      "properties": {
        "id": "Q3673595",
        "slug": "chiesa-di-santa-maria-a-quarto-q3673595",
        "name": "chiesa di Santa Maria a Quarto",
        "church_type": "church",
        "region": "Tuscany",
        "historic_scope": "historic",
        "date_display": "1797",
        "date_kind": "year",
        "start_year": 1797,
        "end_year": 1797,
        "date_source": "wikidata",
        "date_basis": "inception",
        "date_source_name": "Wikidata",
        "date_source_url": "https://www.wikidata.org/wiki/Q3673595",
        "date_sources": [
          {
            "name": "Wikidata",
            "url": "https://www.wikidata.org/wiki/Q3673595",
            "source_id": "Q3673595"
          }
        ],
        "historical_phases": [],
        "coordinate_source": "wikidata",
        "hero_image": "https://upload.wikimedia.org/wikipedia/commons/thumb/d/d2/Santa_maria_a_quarto_02.JPG/1920px-Santa_maria_a_quarto_02.JPG",
        "hero_filename": "Santa maria a quarto 02.JPG",
        "hero_description_url": "https://commons.wikimedia.org/wiki/File:Santa_maria_a_quarto_02.JPG",
        "hero_artist": "sailko",
        "hero_license_name": "CC BY-SA 3.0",
        "hero_license_url": "https://creativecommons.org/licenses/by-sa/3.0",
        "website": null,
        "wikidata_url": "https://www.wikidata.org/wiki/Q3673595",
        "osm_url": "https://www.openstreetmap.org/way/305822225"
      }
    },
    {
      "type": "Feature",
      "id": "Q3673629",
      "geometry": {
        "type": "Point",
        "coordinates": [
          11.235339,
          43.772972
        ]
      },
      "properties": {
        "id": "Q3673629",
        "slug": "chiesa-di-santa-maria-al-pignone-q3673629",
        "name": "chiesa di Santa Maria al Pignone",
        "church_type": "church",
        "region": "Tuscany",
        "historic_scope": "historic",
        "date_display": "1786",
        "date_kind": "year",
        "start_year": 1786,
        "end_year": 1786,
        "date_source": "wikidata",
        "date_basis": "inception",
        "date_source_name": "Wikidata",
        "date_source_url": "https://www.wikidata.org/wiki/Q3673629",
        "date_sources": [
          {
            "name": "Wikidata",
            "url": "https://www.wikidata.org/wiki/Q3673629",
            "source_id": "Q3673629"
          }
        ],
        "historical_phases": [],
        "coordinate_source": "wikidata",
        "hero_image": "https://upload.wikimedia.org/wikipedia/commons/9/92/Santa_Maria_al_Pignone.JPG",
        "hero_filename": "Santa Maria al Pignone.JPG",
        "hero_description_url": "https://commons.wikimedia.org/wiki/File:Santa_Maria_al_Pignone.JPG",
        "hero_artist": "sailko",
        "hero_license_name": "CC BY 2.5",
        "hero_license_url": "https://creativecommons.org/licenses/by/2.5",
        "website": null,
        "wikidata_url": "https://www.wikidata.org/wiki/Q3673629",
        "osm_url": "https://www.openstreetmap.org/way/305673947"
      }
    },
    {
      "type": "Feature",
      "id": "Q3673664",
      "geometry": {
        "type": "Point",
        "coordinates": [
          11.2636,
          43.7755
        ]
      },
      "properties": {
        "id": "Q3673664",
        "slug": "chiesa-di-santa-maria-degli-angiolini-q3673664",
        "name": "chiesa di Santa Maria degli Angiolini",
        "church_type": "church",
        "region": "Tuscany",
        "historic_scope": "historic",
        "date_display": "1509",
        "date_kind": "year",
        "start_year": 1509,
        "end_year": 1509,
        "date_source": "wikidata",
        "date_basis": "inception",
        "date_source_name": "Wikidata",
        "date_source_url": "https://www.wikidata.org/wiki/Q3673664",
        "date_sources": [
          {
            "name": "Wikidata",
            "url": "https://www.wikidata.org/wiki/Q3673664",
            "source_id": "Q3673664"
          }
        ],
        "historical_phases": [],
        "coordinate_source": "wikidata",
        "hero_image": "https://upload.wikimedia.org/wikipedia/commons/thumb/e/e2/Via_della_colonna%2C_chiesa_s.m.angiolini%2C_ext._01.JPG/1920px-Via_della_colonna%2C_chiesa_s.m.angiolini%2C_ext._01.JPG",
        "hero_filename": "Via della colonna, chiesa s.m.angiolini, ext. 01.JPG",
        "hero_description_url": "https://commons.wikimedia.org/wiki/File:Via_della_colonna,_chiesa_s.m.angiolini,_ext._01.JPG",
        "hero_artist": "Sailko",
        "hero_license_name": "CC BY-SA 3.0",
        "hero_license_url": "https://creativecommons.org/licenses/by-sa/3.0",
        "website": null,
        "wikidata_url": "https://www.wikidata.org/wiki/Q3673664",
        "osm_url": "https://www.openstreetmap.org/way/306486070"
      }
    },
    {
      "type": "Feature",
      "id": "Q3673667",
      "geometry": {
        "type": "Point",
        "coordinates": [
          11.2547,
          43.7668
        ]
      },
      "properties": {
        "id": "Q3673667",
        "slug": "chiesa-di-santa-maria-dei-bardi-q3673667",
        "name": "chiesa di Santa Maria dei Bardi",
        "church_type": "former_church",
        "region": "Tuscany",
        "historic_scope": "historic",
        "date_display": "1181",
        "date_kind": "year",
        "start_year": 1181,
        "end_year": 1181,
        "date_source": "wikidata",
        "date_basis": "inception",
        "date_source_name": "Wikidata",
        "date_source_url": "https://www.wikidata.org/wiki/Q3673667",
        "date_sources": [
          {
            "name": "Wikidata",
            "url": "https://www.wikidata.org/wiki/Q3673667",
            "source_id": "Q3673667"
          }
        ],
        "historical_phases": [],
        "coordinate_source": "wikidata",
        "hero_image": "https://upload.wikimedia.org/wikipedia/commons/2/22/Telemaco_Signorini%2C_Santa_Maria_de%27_Bardi_1870_100x75cm.jpg",
        "hero_filename": "Telemaco Signorini, Santa Maria de' Bardi 1870 100x75cm.jpg",
        "hero_description_url": "https://commons.wikimedia.org/wiki/File:Telemaco_Signorini,_Santa_Maria_de%27_Bardi_1870_100x75cm.jpg",
        "hero_artist": "Telemaco Signorini",
        "hero_license_name": "Public domain",
        "hero_license_url": null,
        "website": null,
        "wikidata_url": "https://www.wikidata.org/wiki/Q3673667",
        "osm_url": null
      }
    },
    {
      "type": "Feature",
      "id": "Q3673712",
      "geometry": {
        "type": "Point",
        "coordinates": [
          10.40053,
          43.71292
        ]
      },
      "properties": {
        "id": "Q3673712",
        "slug": "chiesa-di-santa-maria-del-carmine-q3673712",
        "name": "chiesa di Santa Maria del Carmine",
        "church_type": "church",
        "region": "Tuscany",
        "historic_scope": "historic",
        "date_display": "1328",
        "date_kind": "year",
        "start_year": 1328,
        "end_year": 1328,
        "date_source": "wikidata",
        "date_basis": "inception",
        "date_source_name": "Wikidata",
        "date_source_url": "https://www.wikidata.org/wiki/Q3673712",
        "date_sources": [
          {
            "name": "Wikidata",
            "url": "https://www.wikidata.org/wiki/Q3673712",
            "source_id": "Q3673712"
          }
        ],
        "historical_phases": [],
        "coordinate_source": "wikidata",
        "hero_image": "https://upload.wikimedia.org/wikipedia/commons/thumb/8/8f/Chiesa_Santa_Maria_del_Carmine%2C_Pisa.JPG/1920px-Chiesa_Santa_Maria_del_Carmine%2C_Pisa.JPG",
        "hero_filename": "Chiesa Santa Maria del Carmine, Pisa.JPG",
        "hero_description_url": "https://commons.wikimedia.org/wiki/File:Chiesa_Santa_Maria_del_Carmine,_Pisa.JPG",
        "hero_artist": "Lucarelli",
        "hero_license_name": "CC BY-SA 3.0",
        "hero_license_url": "https://creativecommons.org/licenses/by-sa/3.0",
        "website": null,
        "wikidata_url": "https://www.wikidata.org/wiki/Q3673712",
        "osm_url": "https://www.openstreetmap.org/way/156075405"
      }
    },
    {
      "type": "Feature",
      "id": "Q3673734",
      "geometry": {
        "type": "Point",
        "coordinates": [
          11.27415,
          43.797937
        ]
      },
      "properties": {
        "id": "Q3673734",
        "slug": "chiesa-di-santa-maria-del-fiore-a-lapo-q3673734",
        "name": "chiesa di Santa Maria del Fiore a Lapo",
        "church_type": "church",
        "region": "Tuscany",
        "historic_scope": "historic",
        "date_display": "1348",
        "date_kind": "year",
        "start_year": 1348,
        "end_year": 1348,
        "date_source": "wikidata",
        "date_basis": "inception",
        "date_source_name": "Wikidata",
        "date_source_url": "https://www.wikidata.org/wiki/Q3673734",
        "date_sources": [
          {
            "name": "Wikidata",
            "url": "https://www.wikidata.org/wiki/Q3673734",
            "source_id": "Q3673734"
          }
        ],
        "historical_phases": [],
        "coordinate_source": "wikidata",
        "hero_image": "https://upload.wikimedia.org/wikipedia/commons/thumb/7/73/Santa_Maria_del_Fiore_a_Lapo%2C_ext._02.JPG/1920px-Santa_Maria_del_Fiore_a_Lapo%2C_ext._02.JPG",
        "hero_filename": "Santa Maria del Fiore a Lapo, ext. 02.JPG",
        "hero_description_url": "https://commons.wikimedia.org/wiki/File:Santa_Maria_del_Fiore_a_Lapo,_ext._02.JPG",
        "hero_artist": "Sailko",
        "hero_license_name": "CC BY 3.0",
        "hero_license_url": "https://creativecommons.org/licenses/by/3.0",
        "website": null,
        "wikidata_url": "https://www.wikidata.org/wiki/Q3673734",
        "osm_url": "https://www.openstreetmap.org/way/305870361"
      }
    },
    {
      "type": "Feature",
      "id": "Q3673774",
      "geometry": {
        "type": "Point",
        "coordinates": [
          11.23200278,
          43.75425556
        ]
      },
      "properties": {
        "id": "Q3673774",
        "slug": "chiesa-di-santa-maria-del-santo-sepolcro-q3673774",
        "name": "chiesa di Santa Maria del Santo Sepolcro",
        "church_type": "church",
        "region": "Tuscany",
        "historic_scope": "historic",
        "date_display": "1334",
        "date_kind": "year",
        "start_year": 1334,
        "end_year": 1334,
        "date_source": "wikidata",
        "date_basis": "inception",
        "date_source_name": "Wikidata",
        "date_source_url": "https://www.wikidata.org/wiki/Q3673774",
        "date_sources": [
          {
            "name": "Wikidata",
            "url": "https://www.wikidata.org/wiki/Q3673774",
            "source_id": "Q3673774"
          }
        ],
        "historical_phases": [],
        "coordinate_source": "wikidata",
        "hero_image": "https://upload.wikimedia.org/wikipedia/commons/thumb/b/b8/Ex-monastero_delle_campora%2C_resti_del_chiostro_06.jpg/1920px-Ex-monastero_delle_campora%2C_resti_del_chiostro_06.jpg",
        "hero_filename": "Ex-monastero delle campora, resti del chiostro 06.jpg",
        "hero_description_url": "https://commons.wikimedia.org/wiki/File:Ex-monastero_delle_campora,_resti_del_chiostro_06.jpg",
        "hero_artist": "Sailko",
        "hero_license_name": "CC BY 3.0",
        "hero_license_url": "https://creativecommons.org/licenses/by/3.0",
        "website": null,
        "wikidata_url": "https://www.wikidata.org/wiki/Q3673774",
        "osm_url": null
      }
    },
    {
      "type": "Feature",
      "id": "Q3673838",
      "geometry": {
        "type": "Point",
        "coordinates": [
          11.2685,
          43.7667
        ]
      },
      "properties": {
        "id": "Q3673838",
        "slug": "chiesa-di-santa-maria-della-croce-al-tempio-q3673838",
        "name": "chiesa di Santa Maria della Croce al Tempio",
        "church_type": "church",
        "region": "Tuscany",
        "historic_scope": "historic",
        "date_display": "1366",
        "date_kind": "year",
        "start_year": 1366,
        "end_year": 1366,
        "date_source": "wikidata",
        "date_basis": "inception",
        "date_source_name": "Wikidata",
        "date_source_url": "https://www.wikidata.org/wiki/Q3673838",
        "date_sources": [
          {
            "name": "Wikidata",
            "url": "https://www.wikidata.org/wiki/Q3673838",
            "source_id": "Q3673838"
          }
        ],
        "historical_phases": [],
        "coordinate_source": "wikidata",
        "hero_image": "https://upload.wikimedia.org/wikipedia/commons/thumb/6/64/Firenze%2C_piazza_piave.JPG/1920px-Firenze%2C_piazza_piave.JPG",
        "hero_filename": "Firenze, piazza piave.JPG",
        "hero_description_url": "https://commons.wikimedia.org/wiki/File:Firenze,_piazza_piave.JPG",
        "hero_artist": "sailko",
        "hero_license_name": "CC BY-SA 3.0",
        "hero_license_url": "https://creativecommons.org/licenses/by-sa/3.0",
        "website": null,
        "wikidata_url": "https://www.wikidata.org/wiki/Q3673838",
        "osm_url": null
      }
    },
    {
      "type": "Feature",
      "id": "Q3673847",
      "geometry": {
        "type": "Point",
        "coordinates": [
          14.6589,
          41.5579
        ]
      },
      "properties": {
        "id": "Q3673847",
        "slug": "chiesa-di-santa-maria-della-libera-q3673847",
        "name": "chiesa di Santa Maria della Libera",
        "church_type": "church",
        "region": "Molise",
        "historic_scope": "historic",
        "date_display": "1320",
        "date_kind": "year",
        "start_year": 1320,
        "end_year": 1320,
        "date_source": "wikidata",
        "date_basis": "inception",
        "date_source_name": "Wikidata",
        "date_source_url": "https://www.wikidata.org/wiki/Q3673847",
        "date_sources": [
          {
            "name": "Wikidata",
            "url": "https://www.wikidata.org/wiki/Q3673847",
            "source_id": "Q3673847"
          }
        ],
        "historical_phases": [
          {
            "evidence_type": "other",
            "period": {
              "kind": "year",
              "start_year": 1824,
              "end_year": 1824,
              "display": "1824"
            },
            "period_raw": "1824",
            "building_part": "intero bene",
            "source_name": "BeWeb",
            "source_url": "https://www.beweb.chiesacattolica.it/edificidiculto/edificio/70423/"
          },
          {
            "evidence_type": "reconstruction",
            "period": {
              "kind": "year",
              "start_year": 2015,
              "end_year": 2015,
              "display": "2015"
            },
            "period_raw": "2015",
            "building_part": "intero bene",
            "source_name": "BeWeb",
            "source_url": "https://www.beweb.chiesacattolica.it/edificidiculto/edificio/70423/"
          }
        ],
        "coordinate_source": "wikidata",
        "hero_image": null,
        "hero_filename": null,
        "hero_description_url": null,
        "hero_artist": null,
        "hero_license_name": null,
        "hero_license_url": null,
        "website": null,
        "wikidata_url": "https://www.wikidata.org/wiki/Q3673847",
        "osm_url": "https://www.openstreetmap.org/way/261652725"
      }
    },
    {
      "type": "Feature",
      "id": "Q3673876",
      "geometry": {
        "type": "Point",
        "coordinates": [
          11.24804,
          43.76077
        ]
      },
      "properties": {
        "id": "Q3673876",
        "slug": "chiesa-di-santa-maria-della-pace-q3673876",
        "name": "chiesa di Santa Maria della Pace",
        "church_type": "former_church",
        "region": "Tuscany",
        "historic_scope": "historic",
        "date_display": "1530",
        "date_kind": "year",
        "start_year": 1530,
        "end_year": 1530,
        "date_source": "wikidata",
        "date_basis": "inception",
        "date_source_name": "Wikidata",
        "date_source_url": "https://www.wikidata.org/wiki/Q3673876",
        "date_sources": [
          {
            "name": "Wikidata",
            "url": "https://www.wikidata.org/wiki/Q3673876",
            "source_id": "Q3673876"
          }
        ],
        "historical_phases": [],
        "coordinate_source": "manual",
        "hero_image": null,
        "hero_filename": null,
        "hero_description_url": null,
        "hero_artist": null,
        "hero_license_name": null,
        "hero_license_url": null,
        "website": null,
        "wikidata_url": "https://www.wikidata.org/wiki/Q3673876",
        "osm_url": null
      }
    },
    {
      "type": "Feature",
      "id": "Q3674012",
      "geometry": {
        "type": "Point",
        "coordinates": [
          11.33,
          43.3215
        ]
      },
      "properties": {
        "id": "Q3674012",
        "slug": "chiesa-di-santa-maria-delle-nevi-q3674012",
        "name": "chiesa di Santa Maria delle Nevi",
        "church_type": "church",
        "region": "Tuscany",
        "historic_scope": "historic",
        "date_display": "15th century",
        "date_kind": "century",
        "start_year": 1401,
        "end_year": 1500,
        "date_source": "wikidata",
        "date_basis": "inception",
        "date_source_name": "Wikidata",
        "date_source_url": "https://www.wikidata.org/wiki/Q3674012",
        "date_sources": [
          {
            "name": "Wikidata",
            "url": "https://www.wikidata.org/wiki/Q3674012",
            "source_id": "Q3674012"
          }
        ],
        "historical_phases": [],
        "coordinate_source": "wikidata",
        "hero_image": "https://upload.wikimedia.org/wikipedia/commons/5/54/Chiesa_di_Santa_Maria_delle_Nevi_siena.jpg",
        "hero_filename": "Chiesa di Santa Maria delle Nevi siena.jpg",
        "hero_description_url": "https://commons.wikimedia.org/wiki/File:Chiesa_di_Santa_Maria_delle_Nevi_siena.jpg",
        "hero_artist": "sconosciuto",
        "hero_license_name": "Copyrighted free use",
        "hero_license_url": null,
        "website": "http://www.polomusealetoscana.beniculturali.it/index.php?it/146/istituti-e-luoghi-della-cultura",
        "wikidata_url": "https://www.wikidata.org/wiki/Q3674012",
        "osm_url": "https://www.openstreetmap.org/way/28838206"
      }
    },
    {
      "type": "Feature",
      "id": "Q3674085",
      "geometry": {
        "type": "Point",
        "coordinates": [
          11.33264,
          43.32098
        ]
      },
      "properties": {
        "id": "Q3674085",
        "slug": "chiesa-di-santa-maria-di-provenzano-q3674085",
        "name": "chiesa di Santa Maria di Provenzano",
        "church_type": "church",
        "region": "Tuscany",
        "historic_scope": "historic",
        "date_display": "1611",
        "date_kind": "year",
        "start_year": 1611,
        "end_year": 1611,
        "date_source": "wikidata",
        "date_basis": "inception",
        "date_source_name": "Wikidata",
        "date_source_url": "https://www.wikidata.org/wiki/Q3674085",
        "date_sources": [
          {
            "name": "Wikidata",
            "url": "https://www.wikidata.org/wiki/Q3674085",
            "source_id": "Q3674085"
          }
        ],
        "historical_phases": [],
        "coordinate_source": "wikidata",
        "hero_image": "https://upload.wikimedia.org/wikipedia/commons/thumb/7/7f/Siena%2C_basilica_di_provenzano%2C_esterno_01.jpg/1920px-Siena%2C_basilica_di_provenzano%2C_esterno_01.jpg",
        "hero_filename": "Siena, basilica di provenzano, esterno 01.jpg",
        "hero_description_url": "https://commons.wikimedia.org/wiki/File:Siena,_basilica_di_provenzano,_esterno_01.jpg",
        "hero_artist": "Sailko",
        "hero_license_name": "CC BY 3.0",
        "hero_license_url": "https://creativecommons.org/licenses/by/3.0",
        "website": "http://www.collegiataprovenzano.siena.it",
        "wikidata_url": "https://www.wikidata.org/wiki/Q3674085",
        "osm_url": "https://www.openstreetmap.org/way/53890174"
      }
    },
    {
      "type": "Feature",
      "id": "Q3674092",
      "geometry": {
        "type": "Point",
        "coordinates": [
          11.28429222,
          43.75063705
        ]
      },
      "properties": {
        "id": "Q3674092",
        "slug": "chiesa-di-santa-maria-e-santa-brigida-al-paradiso-q3674092",
        "name": "chiesa di Santa Maria e Santa Brigida al Paradiso",
        "church_type": "church",
        "region": "Tuscany",
        "historic_scope": "historic",
        "date_display": "1706",
        "date_kind": "year",
        "start_year": 1706,
        "end_year": 1706,
        "date_source": "wikidata",
        "date_basis": "inception",
        "date_source_name": "Wikidata",
        "date_source_url": "https://www.wikidata.org/wiki/Q3674092",
        "date_sources": [
          {
            "name": "Wikidata",
            "url": "https://www.wikidata.org/wiki/Q3674092",
            "source_id": "Q3674092"
          }
        ],
        "historical_phases": [],
        "coordinate_source": "wikidata",
        "hero_image": "https://upload.wikimedia.org/wikipedia/commons/thumb/8/86/Sante_maria_e_brigida_al_paradiso%2C_ext._02.JPG/1920px-Sante_maria_e_brigida_al_paradiso%2C_ext._02.JPG",
        "hero_filename": "Sante maria e brigida al paradiso, ext. 02.JPG",
        "hero_description_url": "https://commons.wikimedia.org/wiki/File:Sante_maria_e_brigida_al_paradiso,_ext._02.JPG",
        "hero_artist": "Sailko",
        "hero_license_name": "CC BY 3.0",
        "hero_license_url": "https://creativecommons.org/licenses/by/3.0",
        "website": null,
        "wikidata_url": "https://www.wikidata.org/wiki/Q3674092",
        "osm_url": "https://www.openstreetmap.org/way/374065004"
      }
    },
    {
      "type": "Feature",
      "id": "Q3674136",
      "geometry": {
        "type": "Point",
        "coordinates": [
          11.3263,
          43.3257
        ]
      },
      "properties": {
        "id": "Q3674136",
        "slug": "chiesa-di-santa-maria-in-portico-fontegiusta-q3674136",
        "name": "chiesa di Santa Maria In Portico Fontegiusta",
        "church_type": "church",
        "region": "Tuscany",
        "historic_scope": "historic",
        "date_display": "15th century",
        "date_kind": "century",
        "start_year": 1401,
        "end_year": 1500,
        "date_source": "wikidata",
        "date_basis": "inception",
        "date_source_name": "Wikidata",
        "date_source_url": "https://www.wikidata.org/wiki/Q3674136",
        "date_sources": [
          {
            "name": "Wikidata",
            "url": "https://www.wikidata.org/wiki/Q3674136",
            "source_id": "Q3674136"
          }
        ],
        "historical_phases": [],
        "coordinate_source": "wikidata",
        "hero_image": "https://upload.wikimedia.org/wikipedia/commons/thumb/e/ee/Chiesa_di_fontegiusta%2C_01.JPG/1920px-Chiesa_di_fontegiusta%2C_01.JPG",
        "hero_filename": "Chiesa di fontegiusta, 01.JPG",
        "hero_description_url": "https://commons.wikimedia.org/wiki/File:Chiesa_di_fontegiusta,_01.JPG",
        "hero_artist": "Sailko",
        "hero_license_name": "CC BY 3.0",
        "hero_license_url": "https://creativecommons.org/licenses/by/3.0",
        "website": "https://www.fontegiusta.it",
        "wikidata_url": "https://www.wikidata.org/wiki/Q3674136",
        "osm_url": "https://www.openstreetmap.org/way/50185501"
      }
    },
    {
      "type": "Feature",
      "id": "Q3674172",
      "geometry": {
        "type": "Point",
        "coordinates": [
          10.40881,
          43.71572
        ]
      },
      "properties": {
        "id": "Q3674172",
        "slug": "chiesa-di-santa-marta-q3674172",
        "name": "chiesa di Santa Marta",
        "church_type": "church",
        "region": "Tuscany",
        "historic_scope": "historic",
        "date_display": "1760",
        "date_kind": "year",
        "start_year": 1760,
        "end_year": 1760,
        "date_source": "wikidata",
        "date_basis": "inception",
        "date_source_name": "Wikidata",
        "date_source_url": "https://www.wikidata.org/wiki/Q3674172",
        "date_sources": [
          {
            "name": "Wikidata",
            "url": "https://www.wikidata.org/wiki/Q3674172",
            "source_id": "Q3674172"
          }
        ],
        "historical_phases": [],
        "coordinate_source": "wikidata",
        "hero_image": "https://upload.wikimedia.org/wikipedia/commons/thumb/b/b3/Santa_Marta_Facciata.jpg/1920px-Santa_Marta_Facciata.jpg",
        "hero_filename": "Santa Marta Facciata.jpg",
        "hero_description_url": "https://commons.wikimedia.org/wiki/File:Santa_Marta_Facciata.jpg",
        "hero_artist": "L.davini3",
        "hero_license_name": "CC BY-SA 4.0",
        "hero_license_url": "https://creativecommons.org/licenses/by-sa/4.0",
        "website": null,
        "wikidata_url": "https://www.wikidata.org/wiki/Q3674172",
        "osm_url": "https://www.openstreetmap.org/way/305872730"
      }
    },
    {
      "type": "Feature",
      "id": "Q3674189",
      "geometry": {
        "type": "Point",
        "coordinates": [
          11.3211,
          43.3295
        ]
      },
      "properties": {
        "id": "Q3674189",
        "slug": "chiesa-di-santa-petronilla-q3674189",
        "name": "chiesa di Santa Petronilla",
        "church_type": "church",
        "region": "Tuscany",
        "historic_scope": "historic",
        "date_display": "1622",
        "date_kind": "year",
        "start_year": 1622,
        "end_year": 1622,
        "date_source": "wikidata",
        "date_basis": "inception",
        "date_source_name": "Wikidata",
        "date_source_url": "https://www.wikidata.org/wiki/Q3674189",
        "date_sources": [
          {
            "name": "Wikidata",
            "url": "https://www.wikidata.org/wiki/Q3674189",
            "source_id": "Q3674189"
          }
        ],
        "historical_phases": [],
        "coordinate_source": "wikidata",
        "hero_image": "https://upload.wikimedia.org/wikipedia/commons/thumb/0/02/SienaSantaPetronilla8b.jpg/1920px-SienaSantaPetronilla8b.jpg",
        "hero_filename": "SienaSantaPetronilla8b.jpg",
        "hero_description_url": "https://commons.wikimedia.org/wiki/File:SienaSantaPetronilla8b.jpg",
        "hero_artist": "LigaDue",
        "hero_license_name": "CC BY-SA 4.0",
        "hero_license_url": "https://creativecommons.org/licenses/by-sa/4.0",
        "website": null,
        "wikidata_url": "https://www.wikidata.org/wiki/Q3674189",
        "osm_url": "https://www.openstreetmap.org/relation/17203710"
      }
    },
    {
      "type": "Feature",
      "id": "Q3674335",
      "geometry": {
        "type": "Point",
        "coordinates": [
          11.327354,
          43.324344
        ]
      },
      "properties": {
        "id": "Q3674335",
        "slug": "chiesa-di-santo-stefano-alla-lizza-q3674335",
        "name": "chiesa di Santo Stefano alla Lizza",
        "church_type": "church",
        "region": "Tuscany",
        "historic_scope": "historic",
        "date_display": "1671",
        "date_kind": "year",
        "start_year": 1671,
        "end_year": 1671,
        "date_source": "wikidata",
        "date_basis": "inception",
        "date_source_name": "Wikidata",
        "date_source_url": "https://www.wikidata.org/wiki/Q3674335",
        "date_sources": [
          {
            "name": "Wikidata",
            "url": "https://www.wikidata.org/wiki/Q3674335",
            "source_id": "Q3674335"
          }
        ],
        "historical_phases": [],
        "coordinate_source": "wikidata",
        "hero_image": "https://upload.wikimedia.org/wikipedia/commons/thumb/c/cc/SienaSantoStefano6.jpg/1920px-SienaSantoStefano6.jpg",
        "hero_filename": "SienaSantoStefano6.jpg",
        "hero_description_url": "https://commons.wikimedia.org/wiki/File:SienaSantoStefano6.jpg",
        "hero_artist": "LigaDue",
        "hero_license_name": "CC BY-SA 4.0",
        "hero_license_url": "https://creativecommons.org/licenses/by-sa/4.0",
        "website": null,
        "wikidata_url": "https://www.wikidata.org/wiki/Q3674335",
        "osm_url": "https://www.openstreetmap.org/way/50133108"
      }
    },
    {
      "type": "Feature",
      "id": "Q3674338",
      "geometry": {
        "type": "Point",
        "coordinates": [
          10.40095278,
          43.719325
        ]
      },
      "properties": {
        "id": "Q3674338",
        "slug": "chiesa-di-santo-stefano-dei-cavalieri-q3674338",
        "name": "chiesa di Santo Stefano dei Cavalieri",
        "church_type": "church",
        "region": "Tuscany",
        "historic_scope": "historic",
        "date_display": "1565",
        "date_kind": "year",
        "start_year": 1565,
        "end_year": 1565,
        "date_source": "wikidata",
        "date_basis": "inception",
        "date_source_name": "Wikidata",
        "date_source_url": "https://www.wikidata.org/wiki/Q3674338",
        "date_sources": [
          {
            "name": "Wikidata",
            "url": "https://www.wikidata.org/wiki/Q3674338",
            "source_id": "Q3674338"
          }
        ],
        "historical_phases": [],
        "coordinate_source": "wikidata",
        "hero_image": "https://upload.wikimedia.org/wikipedia/commons/thumb/d/d2/Church_of_Santo_Stefano_dei_Cavalieri%2C_Pisa_%2853110828760%29.jpg/1920px-Church_of_Santo_Stefano_dei_Cavalieri%2C_Pisa_%2853110828760%29.jpg",
        "hero_filename": "Church of Santo Stefano dei Cavalieri, Pisa (53110828760).jpg",
        "hero_description_url": "https://commons.wikimedia.org/wiki/File:Church_of_Santo_Stefano_dei_Cavalieri,_Pisa_(53110828760).jpg",
        "hero_artist": ". Ray in Manila",
        "hero_license_name": "CC BY 2.0",
        "hero_license_url": "https://creativecommons.org/licenses/by/2.0",
        "website": null,
        "wikidata_url": "https://www.wikidata.org/wiki/Q3674338",
        "osm_url": "https://www.openstreetmap.org/way/37098980"
      }
    },
    {
      "type": "Feature",
      "id": "Q3674348",
      "geometry": {
        "type": "Point",
        "coordinates": [
          10.40005,
          43.72383
        ]
      },
      "properties": {
        "id": "Q3674348",
        "slug": "chiesa-di-santo-stefano-extra-moenia-q3674348",
        "name": "chiesa di Santo Stefano extra moenia",
        "church_type": "church",
        "region": "Tuscany",
        "historic_scope": "historic",
        "date_display": "1085",
        "date_kind": "year",
        "start_year": 1085,
        "end_year": 1085,
        "date_source": "wikidata",
        "date_basis": "inception",
        "date_source_name": "Wikidata",
        "date_source_url": "https://www.wikidata.org/wiki/Q3674348",
        "date_sources": [
          {
            "name": "Wikidata",
            "url": "https://www.wikidata.org/wiki/Q3674348",
            "source_id": "Q3674348"
          }
        ],
        "historical_phases": [],
        "coordinate_source": "wikidata",
        "hero_image": "https://upload.wikimedia.org/wikipedia/commons/thumb/4/4b/Pisa_-_Chiesa_di_santo_Stefano_extra_moenia.JPG/1920px-Pisa_-_Chiesa_di_santo_Stefano_extra_moenia.JPG",
        "hero_filename": "Pisa - Chiesa di santo Stefano extra moenia.JPG",
        "hero_description_url": "https://commons.wikimedia.org/wiki/File:Pisa_-_Chiesa_di_santo_Stefano_extra_moenia.JPG",
        "hero_artist": "Luca Aless",
        "hero_license_name": "CC BY-SA 3.0",
        "hero_license_url": "https://creativecommons.org/licenses/by-sa/3.0",
        "website": null,
        "wikidata_url": "https://www.wikidata.org/wiki/Q3674348",
        "osm_url": "https://www.openstreetmap.org/way/253736904"
      }
    },
    {
      "type": "Feature",
      "id": "Q3674372",
      "geometry": {
        "type": "Point",
        "coordinates": [
          11.3284,
          43.3131
        ]
      },
      "properties": {
        "id": "Q3674372",
        "slug": "chiesa-e-convento-delle-sperandie-q3674372",
        "name": "chiesa e convento delle Sperandie",
        "church_type": "church",
        "region": "Tuscany",
        "historic_scope": "historic",
        "date_display": "1297",
        "date_kind": "year",
        "start_year": 1297,
        "end_year": 1297,
        "date_source": "wikidata",
        "date_basis": "inception",
        "date_source_name": "Wikidata",
        "date_source_url": "https://www.wikidata.org/wiki/Q3674372",
        "date_sources": [
          {
            "name": "Wikidata",
            "url": "https://www.wikidata.org/wiki/Q3674372",
            "source_id": "Q3674372"
          }
        ],
        "historical_phases": [],
        "coordinate_source": "wikidata",
        "hero_image": "https://upload.wikimedia.org/wikipedia/commons/thumb/0/05/SienaMariaVisitazioneTrafisseSperandie2.jpg/1920px-SienaMariaVisitazioneTrafisseSperandie2.jpg",
        "hero_filename": "SienaMariaVisitazioneTrafisseSperandie2.jpg",
        "hero_description_url": "https://commons.wikimedia.org/wiki/File:SienaMariaVisitazioneTrafisseSperandie2.jpg",
        "hero_artist": "LigaDue",
        "hero_license_name": "CC BY-SA 4.0",
        "hero_license_url": "https://creativecommons.org/licenses/by-sa/4.0",
        "website": null,
        "wikidata_url": "https://www.wikidata.org/wiki/Q3674372",
        "osm_url": null
      }
    },
    {
      "type": "Feature",
      "id": "Q3674373",
      "geometry": {
        "type": "Point",
        "coordinates": [
          11.331501,
          43.313715
        ]
      },
      "properties": {
        "id": "Q3674373",
        "slug": "chiesa-e-convento-della-maddalena-q3674373",
        "name": "chiesa e convento della Maddalena",
        "church_type": "church",
        "region": "Tuscany",
        "historic_scope": "historic",
        "date_display": "1539",
        "date_kind": "year",
        "start_year": 1539,
        "end_year": 1539,
        "date_source": "wikidata",
        "date_basis": "inception",
        "date_source_name": "Wikidata",
        "date_source_url": "https://www.wikidata.org/wiki/Q3674373",
        "date_sources": [
          {
            "name": "Wikidata",
            "url": "https://www.wikidata.org/wiki/Q3674373",
            "source_id": "Q3674373"
          }
        ],
        "historical_phases": [],
        "coordinate_source": "wikidata",
        "hero_image": "https://upload.wikimedia.org/wikipedia/commons/thumb/1/1c/Chiesa_della_maddalena%2C_siena%2C_02.JPG/1920px-Chiesa_della_maddalena%2C_siena%2C_02.JPG",
        "hero_filename": "Chiesa della maddalena, siena, 02.JPG",
        "hero_description_url": "https://commons.wikimedia.org/wiki/File:Chiesa_della_maddalena,_siena,_02.JPG",
        "hero_artist": "sailko",
        "hero_license_name": "CC BY-SA 3.0",
        "hero_license_url": "https://creativecommons.org/licenses/by-sa/3.0",
        "website": null,
        "wikidata_url": "https://www.wikidata.org/wiki/Q3674373",
        "osm_url": "https://www.openstreetmap.org/way/47926881"
      }
    },
    {
      "type": "Feature",
      "id": "Q3674383",
      "geometry": {
        "type": "Point",
        "coordinates": [
          11.3283,
          43.3253
        ]
      },
      "properties": {
        "id": "Q3674383",
        "slug": "chiesa-e-convento-di-san-girolamo-in-campansi-q3674383",
        "name": "chiesa e convento di San Girolamo in Campansi",
        "church_type": "church",
        "region": "Tuscany",
        "historic_scope": "historic",
        "date_display": "1683",
        "date_kind": "year",
        "start_year": 1683,
        "end_year": 1683,
        "date_source": "wikidata",
        "date_basis": "inception",
        "date_source_name": "Wikidata",
        "date_source_url": "https://www.wikidata.org/wiki/Q3674383",
        "date_sources": [
          {
            "name": "Wikidata",
            "url": "https://www.wikidata.org/wiki/Q3674383",
            "source_id": "Q3674383"
          }
        ],
        "historical_phases": [],
        "coordinate_source": "wikidata",
        "hero_image": "https://upload.wikimedia.org/wikipedia/commons/thumb/3/31/SienaSanGirolamoInCampansi5.jpg/1920px-SienaSanGirolamoInCampansi5.jpg",
        "hero_filename": "SienaSanGirolamoInCampansi5.jpg",
        "hero_description_url": "https://commons.wikimedia.org/wiki/File:SienaSanGirolamoInCampansi5.jpg",
        "hero_artist": "LigaDue",
        "hero_license_name": "CC BY-SA 4.0",
        "hero_license_url": "https://creativecommons.org/licenses/by-sa/4.0",
        "website": null,
        "wikidata_url": "https://www.wikidata.org/wiki/Q3674383",
        "osm_url": null
      }
    },
    {
      "type": "Feature",
      "id": "Q3674397",
      "geometry": {
        "type": "Point",
        "coordinates": [
          11.3265,
          43.3124
        ]
      },
      "properties": {
        "id": "Q3674397",
        "slug": "chiesa-e-convento-di-santa-marta-q3674397",
        "name": "chiesa e convento di Santa Marta",
        "church_type": "church",
        "region": "Tuscany",
        "historic_scope": "historic",
        "date_display": "1328",
        "date_kind": "year",
        "start_year": 1328,
        "end_year": 1328,
        "date_source": "wikidata",
        "date_basis": "inception",
        "date_source_name": "Wikidata",
        "date_source_url": "https://www.wikidata.org/wiki/Q3674397",
        "date_sources": [
          {
            "name": "Wikidata",
            "url": "https://www.wikidata.org/wiki/Q3674397",
            "source_id": "Q3674397"
          }
        ],
        "historical_phases": [],
        "coordinate_source": "wikidata",
        "hero_image": "https://upload.wikimedia.org/wikipedia/commons/thumb/f/f6/Siena%2C_santa_marta_01.JPG/1920px-Siena%2C_santa_marta_01.JPG",
        "hero_filename": "Siena, santa marta 01.JPG",
        "hero_description_url": "https://commons.wikimedia.org/wiki/File:Siena,_santa_marta_01.JPG",
        "hero_artist": "Sailko",
        "hero_license_name": "CC BY 3.0",
        "hero_license_url": "https://creativecommons.org/licenses/by/3.0",
        "website": null,
        "wikidata_url": "https://www.wikidata.org/wiki/Q3674397",
        "osm_url": "https://www.openstreetmap.org/way/1217117026"
      }
    },
    {
      "type": "Feature",
      "id": "Q3689641",
      "geometry": {
        "type": "Point",
        "coordinates": [
          10.93083,
          43.71961
        ]
      },
      "properties": {
        "id": "Q3689641",
        "slug": "convento-e-chiesa-di-santa-maria-a-ripa-q3689641",
        "name": "convento e chiesa di Santa Maria a Ripa",
        "church_type": "church",
        "region": "Tuscany",
        "historic_scope": "historic",
        "date_display": "1484",
        "date_kind": "year",
        "start_year": 1484,
        "end_year": 1484,
        "date_source": "wikidata",
        "date_basis": "inception",
        "date_source_name": "Wikidata",
        "date_source_url": "https://www.wikidata.org/wiki/Q3689641",
        "date_sources": [
          {
            "name": "Wikidata",
            "url": "https://www.wikidata.org/wiki/Q3689641",
            "source_id": "Q3689641"
          }
        ],
        "historical_phases": [],
        "coordinate_source": "wikidata",
        "hero_image": "https://upload.wikimedia.org/wikipedia/commons/thumb/1/1f/Empoli%2C_santa_maria_a_ripa%2C_esterno_02.jpg/1920px-Empoli%2C_santa_maria_a_ripa%2C_esterno_02.jpg",
        "hero_filename": "Empoli, santa maria a ripa, esterno 02.jpg",
        "hero_description_url": "https://commons.wikimedia.org/wiki/File:Empoli,_santa_maria_a_ripa,_esterno_02.jpg",
        "hero_artist": "Sailko",
        "hero_license_name": "CC BY 3.0",
        "hero_license_url": "https://creativecommons.org/licenses/by/3.0",
        "website": null,
        "wikidata_url": "https://www.wikidata.org/wiki/Q3689641",
        "osm_url": null
      }
    },
    {
      "type": "Feature",
      "id": "Q3689643",
      "geometry": {
        "type": "Point",
        "coordinates": [
          10.9469,
          43.7187
        ]
      },
      "properties": {
        "id": "Q3689643",
        "slug": "convento-e-chiesa-di-santo-stefano-degli-agostiniani-q3689643",
        "name": "convento e chiesa di Santo Stefano degli Agostiniani",
        "church_type": "church",
        "region": "Tuscany",
        "historic_scope": "historic",
        "date_display": "1367",
        "date_kind": "year",
        "start_year": 1367,
        "end_year": 1367,
        "date_source": "wikidata",
        "date_basis": "inception",
        "date_source_name": "Wikidata",
        "date_source_url": "https://www.wikidata.org/wiki/Q3689643",
        "date_sources": [
          {
            "name": "Wikidata",
            "url": "https://www.wikidata.org/wiki/Q3689643",
            "source_id": "Q3689643"
          }
        ],
        "historical_phases": [],
        "coordinate_source": "wikidata",
        "hero_image": "https://upload.wikimedia.org/wikipedia/commons/1/1a/Chiesa_Santo_Stefano_esterno..JPG",
        "hero_filename": "Chiesa Santo Stefano esterno..JPG",
        "hero_description_url": "https://commons.wikimedia.org/wiki/File:Chiesa_Santo_Stefano_esterno..JPG",
        "hero_artist": "Matteo Tani",
        "hero_license_name": "Public domain",
        "hero_license_url": null,
        "website": "http://www.comune.empoli.fi.it/empoli/chi_ste.html",
        "wikidata_url": "https://www.wikidata.org/wiki/Q3689643",
        "osm_url": "https://www.openstreetmap.org/way/444462403"
      }
    },
    {
      "type": "Feature",
      "id": "Q3735826",
      "geometry": {
        "type": "Point",
        "coordinates": [
          11.26683,
          43.76905
        ]
      },
      "properties": {
        "id": "Q3735826",
        "slug": "ex-chiesa-dei-santi-jacopo-e-lorenzo-q3735826",
        "name": "ex chiesa dei Santi Jacopo e Lorenzo",
        "church_type": "former_church",
        "region": "Tuscany",
        "historic_scope": "historic",
        "date_display": "1542",
        "date_kind": "year",
        "start_year": 1542,
        "end_year": 1542,
        "date_source": "wikidata",
        "date_basis": "inception",
        "date_source_name": "Wikidata",
        "date_source_url": "https://www.wikidata.org/wiki/Q3735826",
        "date_sources": [
          {
            "name": "Wikidata",
            "url": "https://www.wikidata.org/wiki/Q3735826",
            "source_id": "Q3735826"
          }
        ],
        "historical_phases": [],
        "coordinate_source": "wikidata",
        "hero_image": "https://upload.wikimedia.org/wikipedia/commons/0/0f/Ex_chiesa_dei_Santi_Jacopo_e_Lorenzo_01.JPG",
        "hero_filename": "Ex chiesa dei Santi Jacopo e Lorenzo 01.JPG",
        "hero_description_url": "https://commons.wikimedia.org/wiki/File:Ex_chiesa_dei_Santi_Jacopo_e_Lorenzo_01.JPG",
        "hero_artist": "sailko",
        "hero_license_name": "CC BY 2.5",
        "hero_license_url": "https://creativecommons.org/licenses/by/2.5",
        "website": null,
        "wikidata_url": "https://www.wikidata.org/wiki/Q3735826",
        "osm_url": "https://www.openstreetmap.org/way/306985690"
      }
    },
    {
      "type": "Feature",
      "id": "Q377517",
      "geometry": {
        "type": "Point",
        "coordinates": [
          11.33225278,
          43.31821111
        ]
      },
      "properties": {
        "id": "Q377517",
        "slug": "cappella-di-piazza-q377517",
        "name": "Cappella di Piazza",
        "church_type": "church",
        "region": "Tuscany",
        "historic_scope": "historic",
        "date_display": "1352",
        "date_kind": "year",
        "start_year": 1352,
        "end_year": 1352,
        "date_source": "wikidata",
        "date_basis": "inception",
        "date_source_name": "Wikidata",
        "date_source_url": "https://www.wikidata.org/wiki/Q377517",
        "date_sources": [
          {
            "name": "Wikidata",
            "url": "https://www.wikidata.org/wiki/Q377517",
            "source_id": "Q377517"
          }
        ],
        "historical_phases": [],
        "coordinate_source": "wikidata",
        "hero_image": "https://upload.wikimedia.org/wikipedia/commons/thumb/2/2d/Palazzo_Pubblico_Siena_01.JPG/1920px-Palazzo_Pubblico_Siena_01.JPG",
        "hero_filename": "Palazzo Pubblico Siena 01.JPG",
        "hero_description_url": "https://commons.wikimedia.org/wiki/File:Palazzo_Pubblico_Siena_01.JPG",
        "hero_artist": "Superchilum",
        "hero_license_name": "CC BY-SA 4.0",
        "hero_license_url": "https://creativecommons.org/licenses/by-sa/4.0",
        "website": null,
        "wikidata_url": "https://www.wikidata.org/wiki/Q377517",
        "osm_url": "https://www.openstreetmap.org/way/252463679"
      }
    },
    {
      "type": "Feature",
      "id": "Q3884413",
      "geometry": {
        "type": "Point",
        "coordinates": [
          11.25683056,
          43.77085278
        ]
      },
      "properties": {
        "id": "Q3884413",
        "slug": "oratorio-dei-buonomini-di-san-martino-q3884413",
        "name": "oratorio dei Buonomini di San Martino",
        "church_type": "church",
        "region": "Tuscany",
        "historic_scope": "historic",
        "date_display": "15th century",
        "date_kind": "century",
        "start_year": 1401,
        "end_year": 1500,
        "date_source": "wikidata",
        "date_basis": "inception",
        "date_source_name": "Wikidata",
        "date_source_url": "https://www.wikidata.org/wiki/Q3884413",
        "date_sources": [
          {
            "name": "Wikidata",
            "url": "https://www.wikidata.org/wiki/Q3884413",
            "source_id": "Q3884413"
          }
        ],
        "historical_phases": [],
        "coordinate_source": "wikidata",
        "hero_image": "https://upload.wikimedia.org/wikipedia/commons/thumb/3/36/Piazza_san_martino%2C_oratorio_dei_buonomini_di_san_martino%2C_01.jpg/1920px-Piazza_san_martino%2C_oratorio_dei_buonomini_di_san_martino%2C_01.jpg",
        "hero_filename": "Piazza san martino, oratorio dei buonomini di san martino, 01.jpg",
        "hero_description_url": "https://commons.wikimedia.org/wiki/File:Piazza_san_martino,_oratorio_dei_buonomini_di_san_martino,_01.jpg",
        "hero_artist": "Francesco Bini",
        "hero_license_name": "CC BY-SA 4.0",
        "hero_license_url": "https://creativecommons.org/licenses/by-sa/4.0",
        "website": null,
        "wikidata_url": "https://www.wikidata.org/wiki/Q3884413",
        "osm_url": "https://www.openstreetmap.org/node/3127418845"
      }
    },
    {
      "type": "Feature",
      "id": "Q3884450",
      "geometry": {
        "type": "Point",
        "coordinates": [
          11.24719167,
          43.77326667
        ]
      },
      "properties": {
        "id": "Q3884450",
        "slug": "oratorio-dei-vanchetoni-q3884450",
        "name": "oratorio dei Vanchetoni",
        "church_type": "church",
        "region": "Tuscany",
        "historic_scope": "historic",
        "date_display": "1602",
        "date_kind": "year",
        "start_year": 1602,
        "end_year": 1602,
        "date_source": "wikidata",
        "date_basis": "inception",
        "date_source_name": "Wikidata",
        "date_source_url": "https://www.wikidata.org/wiki/Q3884450",
        "date_sources": [
          {
            "name": "Wikidata",
            "url": "https://www.wikidata.org/wiki/Q3884450",
            "source_id": "Q3884450"
          }
        ],
        "historical_phases": [],
        "coordinate_source": "wikidata",
        "hero_image": "https://upload.wikimedia.org/wikipedia/commons/6/6d/Oratorio_Vanchetoni.JPG",
        "hero_filename": "Oratorio Vanchetoni.JPG",
        "hero_description_url": "https://commons.wikimedia.org/wiki/File:Oratorio_Vanchetoni.JPG",
        "hero_artist": "Sailko",
        "hero_license_name": "CC BY-SA 3.0",
        "hero_license_url": "http://creativecommons.org/licenses/by-sa/3.0/",
        "website": null,
        "wikidata_url": "https://www.wikidata.org/wiki/Q3884450",
        "osm_url": "https://www.openstreetmap.org/way/730876801"
      }
    },
    {
      "type": "Feature",
      "id": "Q3884771",
      "geometry": {
        "type": "Point",
        "coordinates": [
          11.26119444,
          43.773025
        ]
      },
      "properties": {
        "id": "Q3884771",
        "slug": "oratorio-di-san-tommaso-d-aquino-q3884771",
        "name": "oratorio di San Tommaso d'Aquino",
        "church_type": "church",
        "region": "Tuscany",
        "historic_scope": "historic",
        "date_display": "1568",
        "date_kind": "year",
        "start_year": 1568,
        "end_year": 1568,
        "date_source": "wikidata",
        "date_basis": "inception",
        "date_source_name": "Wikidata",
        "date_source_url": "https://www.wikidata.org/wiki/Q3884771",
        "date_sources": [
          {
            "name": "Wikidata",
            "url": "https://www.wikidata.org/wiki/Q3884771",
            "source_id": "Q3884771"
          }
        ],
        "historical_phases": [],
        "coordinate_source": "wikidata",
        "hero_image": "https://upload.wikimedia.org/wikipedia/commons/f/fc/Oratorio_di_San_Tommaso_d%27Aquino_12.JPG",
        "hero_filename": "Oratorio di San Tommaso d'Aquino 12.JPG",
        "hero_description_url": "https://commons.wikimedia.org/wiki/File:Oratorio_di_San_Tommaso_d%27Aquino_12.JPG",
        "hero_artist": "sailko",
        "hero_license_name": "CC BY 2.5",
        "hero_license_url": "https://creativecommons.org/licenses/by/2.5",
        "website": null,
        "wikidata_url": "https://www.wikidata.org/wiki/Q3884771",
        "osm_url": "https://www.openstreetmap.org/way/307281119"
      }
    },
    {
      "type": "Feature",
      "id": "Q3884805",
      "geometry": {
        "type": "Point",
        "coordinates": [
          11.32947,
          43.31476
        ]
      },
      "properties": {
        "id": "Q3884805",
        "slug": "oratorio-di-sant-antonio-da-padova-q3884805",
        "name": "oratorio di Sant'Antonio da Padova",
        "church_type": "church",
        "region": "Tuscany",
        "historic_scope": "historic",
        "date_display": "1685",
        "date_kind": "year",
        "start_year": 1685,
        "end_year": 1685,
        "date_source": "wikidata",
        "date_basis": "inception",
        "date_source_name": "Wikidata",
        "date_source_url": "https://www.wikidata.org/wiki/Q3884805",
        "date_sources": [
          {
            "name": "Wikidata",
            "url": "https://www.wikidata.org/wiki/Q3884805",
            "source_id": "Q3884805"
          }
        ],
        "historical_phases": [],
        "coordinate_source": "wikidata",
        "hero_image": "https://upload.wikimedia.org/wikipedia/commons/thumb/e/e1/SienaSantAntonioDiPadovaAlleMurellaTartuca.jpg/1920px-SienaSantAntonioDiPadovaAlleMurellaTartuca.jpg",
        "hero_filename": "SienaSantAntonioDiPadovaAlleMurellaTartuca.jpg",
        "hero_description_url": "https://commons.wikimedia.org/wiki/File:SienaSantAntonioDiPadovaAlleMurellaTartuca.jpg",
        "hero_artist": "LigaDue",
        "hero_license_name": "CC BY-SA 4.0",
        "hero_license_url": "https://creativecommons.org/licenses/by-sa/4.0",
        "website": "http://www.tartuca.it/joomla/sistema-museale-a-oratorio/oratorio",
        "wikidata_url": "https://www.wikidata.org/wiki/Q3884805",
        "osm_url": "https://www.openstreetmap.org/way/48185100"
      }
    },
    {
      "type": "Feature",
      "id": "Q428178",
      "geometry": {
        "type": "Point",
        "coordinates": [
          10.40349,
          43.71446
        ]
      },
      "properties": {
        "id": "Q428178",
        "slug": "chiesa-del-santo-sepolcro-q428178",
        "name": "chiesa del Santo Sepolcro",
        "church_type": "church",
        "region": "Tuscany",
        "historic_scope": "historic",
        "date_display": "c. 1113",
        "date_kind": "circa_year",
        "start_year": 1113,
        "end_year": 1113,
        "date_source": "manual",
        "date_basis": "origin",
        "date_source_name": "Comune di Pisa - Turismo",
        "date_source_url": "https://www.turismo.pisa.it/index.php/en/place/church-of-santo-sepolcro",
        "date_sources": [
          {
            "name": "Comune di Pisa - Turismo",
            "url": "https://www.turismo.pisa.it/index.php/en/place/church-of-santo-sepolcro",
            "source_id": null
          }
        ],
        "historical_phases": [],
        "coordinate_source": "wikidata",
        "hero_image": "https://upload.wikimedia.org/wikipedia/commons/thumb/d/d6/Pisa_-_Chiesa_del_Santo_Sepolcro%2C_01-edit.jpg/1920px-Pisa_-_Chiesa_del_Santo_Sepolcro%2C_01-edit.jpg",
        "hero_filename": "Pisa - Chiesa del Santo Sepolcro, 01-edit.jpg",
        "hero_description_url": "https://commons.wikimedia.org/wiki/File:Pisa_-_Chiesa_del_Santo_Sepolcro,_01-edit.jpg",
        "hero_artist": "Luca Aless , edited by MenkinAlRire",
        "hero_license_name": "CC BY-SA 4.0",
        "hero_license_url": "https://creativecommons.org/licenses/by-sa/4.0",
        "website": "https://sansepolcropisa.com",
        "wikidata_url": "https://www.wikidata.org/wiki/Q428178",
        "osm_url": "https://www.openstreetmap.org/way/457948331"
      }
    },
    {
      "type": "Feature",
      "id": "Q51175",
      "geometry": {
        "type": "Point",
        "coordinates": [
          11.249367,
          43.7743
        ]
      },
      "properties": {
        "id": "Q51175",
        "slug": "basilica-di-santa-maria-novella-q51175",
        "name": "basilica di Santa Maria Novella",
        "church_type": "basilica",
        "region": "Tuscany",
        "historic_scope": "historic",
        "date_display": "1278",
        "date_kind": "year",
        "start_year": 1278,
        "end_year": 1278,
        "date_source": "manual",
        "date_basis": "origin",
        "date_source_name": "Florence As It Was",
        "date_source_url": "https://florenceasitwas.wlu.edu/sources/borghigiani-smn",
        "date_sources": [
          {
            "name": "Florence As It Was",
            "url": "https://florenceasitwas.wlu.edu/sources/borghigiani-smn",
            "source_id": null
          }
        ],
        "historical_phases": [],
        "coordinate_source": "wikidata",
        "hero_image": "https://upload.wikimedia.org/wikipedia/commons/thumb/8/89/Santa_Maria_Novella_%28Florence%29.jpg/1920px-Santa_Maria_Novella_%28Florence%29.jpg",
        "hero_filename": "Santa Maria Novella (Florence).jpg",
        "hero_description_url": "https://commons.wikimedia.org/wiki/File:Santa_Maria_Novella_(Florence).jpg",
        "hero_artist": "Commonists",
        "hero_license_name": "CC BY-SA 4.0",
        "hero_license_url": "https://creativecommons.org/licenses/by-sa/4.0",
        "website": "https://www.smn.it",
        "wikidata_url": "https://www.wikidata.org/wiki/Q51175",
        "osm_url": "https://www.openstreetmap.org/way/449369047"
      }
    },
    {
      "type": "Feature",
      "id": "Q51177",
      "geometry": {
        "type": "Point",
        "coordinates": [
          11.26274,
          43.76845
        ]
      },
      "properties": {
        "id": "Q51177",
        "slug": "basilica-di-santa-croce-q51177",
        "name": "basilica di Santa Croce",
        "church_type": "basilica",
        "region": "Tuscany",
        "historic_scope": "historic",
        "date_display": "1294",
        "date_kind": "year",
        "start_year": 1294,
        "end_year": 1294,
        "date_source": "wikidata",
        "date_basis": "inception",
        "date_source_name": "Wikidata",
        "date_source_url": "https://www.wikidata.org/wiki/Q51177",
        "date_sources": [
          {
            "name": "Wikidata",
            "url": "https://www.wikidata.org/wiki/Q51177",
            "source_id": "Q51177"
          }
        ],
        "historical_phases": [],
        "coordinate_source": "wikidata",
        "hero_image": "https://upload.wikimedia.org/wikipedia/commons/thumb/2/2c/Basilica_di_Santa_Croce_%2812437%29.jpg/1920px-Basilica_di_Santa_Croce_%2812437%29.jpg",
        "hero_filename": "Basilica di Santa Croce (12437).jpg",
        "hero_description_url": "https://commons.wikimedia.org/wiki/File:Basilica_di_Santa_Croce_(12437).jpg",
        "hero_artist": "Rhododendrites",
        "hero_license_name": "CC BY-SA 4.0",
        "hero_license_url": "https://creativecommons.org/licenses/by-sa/4.0",
        "website": "https://www.santacroceopera.it",
        "wikidata_url": "https://www.wikidata.org/wiki/Q51177",
        "osm_url": "https://www.openstreetmap.org/way/777563049"
      }
    },
    {
      "type": "Feature",
      "id": "Q55156351",
      "geometry": {
        "type": "Point",
        "coordinates": [
          11.25726,
          43.74018
        ]
      },
      "properties": {
        "id": "Q55156351",
        "slug": "chiesa-di-san-michele-arcangelo-a-monteripaldi-q55156351",
        "name": "chiesa di San Michele Arcangelo a Monteripaldi",
        "church_type": "church",
        "region": "Tuscany",
        "historic_scope": "historic",
        "date_display": "1138",
        "date_kind": "year",
        "start_year": 1138,
        "end_year": 1138,
        "date_source": "wikidata",
        "date_basis": "inception",
        "date_source_name": "Wikidata",
        "date_source_url": "https://www.wikidata.org/wiki/Q55156351",
        "date_sources": [
          {
            "name": "Wikidata",
            "url": "https://www.wikidata.org/wiki/Q55156351",
            "source_id": "Q55156351"
          }
        ],
        "historical_phases": [],
        "coordinate_source": "wikidata",
        "hero_image": "https://upload.wikimedia.org/wikipedia/commons/thumb/1/19/San_Michele_a_Monteripaldi_02.JPG/1920px-San_Michele_a_Monteripaldi_02.JPG",
        "hero_filename": "San Michele a Monteripaldi 02.JPG",
        "hero_description_url": "https://commons.wikimedia.org/wiki/File:San_Michele_a_Monteripaldi_02.JPG",
        "hero_artist": "sailko",
        "hero_license_name": "CC BY 2.5",
        "hero_license_url": "https://creativecommons.org/licenses/by/2.5",
        "website": null,
        "wikidata_url": "https://www.wikidata.org/wiki/Q55156351",
        "osm_url": null
      }
    },
    {
      "type": "Feature",
      "id": "Q573881",
      "geometry": {
        "type": "Point",
        "coordinates": [
          11.25388888888889,
          43.775
        ]
      },
      "properties": {
        "id": "Q573881",
        "slug": "basilica-di-san-lorenzo-q573881",
        "name": "basilica di San Lorenzo",
        "church_type": "basilica",
        "region": "Tuscany",
        "historic_scope": "historic",
        "date_display": "1421",
        "date_kind": "year",
        "start_year": 1421,
        "end_year": 1421,
        "date_source": "wikidata",
        "date_basis": "inception",
        "date_source_name": "Wikidata",
        "date_source_url": "https://www.wikidata.org/wiki/Q573881",
        "date_sources": [
          {
            "name": "Wikidata",
            "url": "https://www.wikidata.org/wiki/Q573881",
            "source_id": "Q573881"
          }
        ],
        "historical_phases": [],
        "coordinate_source": "wikidata",
        "hero_image": "https://upload.wikimedia.org/wikipedia/commons/thumb/9/9e/Florencia%2C_Italia_-_panoramio_%282%29.jpg/1920px-Florencia%2C_Italia_-_panoramio_%282%29.jpg",
        "hero_filename": "Florencia, Italia - panoramio (2).jpg",
        "hero_description_url": "https://commons.wikimedia.org/wiki/File:Florencia,_Italia_-_panoramio_(2).jpg",
        "hero_artist": "Nelson Pérez",
        "hero_license_name": "CC BY-SA 3.0",
        "hero_license_url": "https://creativecommons.org/licenses/by-sa/3.0",
        "website": "http://www.sanlorenzofirenze.it",
        "wikidata_url": "https://www.wikidata.org/wiki/Q573881",
        "osm_url": "https://www.openstreetmap.org/way/599900778"
      }
    },
    {
      "type": "Feature",
      "id": "Q585547",
      "geometry": {
        "type": "Point",
        "coordinates": [
          10.400027777778,
          43.715722222222
        ]
      },
      "properties": {
        "id": "Q585547",
        "slug": "chiesa-di-santa-cristina-q585547",
        "name": "chiesa di Santa Cristina",
        "church_type": "church",
        "region": "Tuscany",
        "historic_scope": "historic",
        "date_display": "1118",
        "date_kind": "year",
        "start_year": 1118,
        "end_year": 1118,
        "date_source": "wikidata",
        "date_basis": "inception",
        "date_source_name": "Wikidata",
        "date_source_url": "https://www.wikidata.org/wiki/Q585547",
        "date_sources": [
          {
            "name": "Wikidata",
            "url": "https://www.wikidata.org/wiki/Q585547",
            "source_id": "Q585547"
          }
        ],
        "historical_phases": [],
        "coordinate_source": "wikidata",
        "hero_image": "https://upload.wikimedia.org/wikipedia/commons/1/15/Chiesa_di_Santa_Cristina_%28Pisa%29.JPG",
        "hero_filename": "Chiesa di Santa Cristina (Pisa).JPG",
        "hero_description_url": "https://commons.wikimedia.org/wiki/File:Chiesa_di_Santa_Cristina_(Pisa).JPG",
        "hero_artist": "Sailko",
        "hero_license_name": "CC BY 2.5",
        "hero_license_url": "https://creativecommons.org/licenses/by/2.5",
        "website": null,
        "wikidata_url": "https://www.wikidata.org/wiki/Q585547",
        "osm_url": "https://www.openstreetmap.org/way/184399190"
      }
    },
    {
      "type": "Feature",
      "id": "Q684119",
      "geometry": {
        "type": "Point",
        "coordinates": [
          11.25653,
          43.773464
        ]
      },
      "properties": {
        "id": "Q684119",
        "slug": "chiesa-di-santa-reparata-q684119",
        "name": "chiesa di Santa Reparata",
        "church_type": "cathedral",
        "region": "Tuscany",
        "historic_scope": "historic",
        "date_display": "5th century",
        "date_kind": "century",
        "start_year": 401,
        "end_year": 500,
        "date_source": "wikidata",
        "date_basis": "inception",
        "date_source_name": "Wikidata",
        "date_source_url": "https://www.wikidata.org/wiki/Q684119",
        "date_sources": [
          {
            "name": "Wikidata",
            "url": "https://www.wikidata.org/wiki/Q684119",
            "source_id": "Q684119"
          }
        ],
        "historical_phases": [],
        "coordinate_source": "wikidata",
        "hero_image": "https://upload.wikimedia.org/wikipedia/commons/thumb/a/aa/Scavi_di_santa_reparata_sotto_il_duomo_di_firenze%2C_06_absidi_e_altare.JPG/1920px-Scavi_di_santa_reparata_sotto_il_duomo_di_firenze%2C_06_absidi_e_altare.JPG",
        "hero_filename": "Scavi di santa reparata sotto il duomo di firenze, 06 absidi e altare.JPG",
        "hero_description_url": "https://commons.wikimedia.org/wiki/File:Scavi_di_santa_reparata_sotto_il_duomo_di_firenze,_06_absidi_e_altare.JPG",
        "hero_artist": "Sailko",
        "hero_license_name": "CC BY 3.0",
        "hero_license_url": "https://creativecommons.org/licenses/by/3.0",
        "website": null,
        "wikidata_url": "https://www.wikidata.org/wiki/Q684119",
        "osm_url": "https://www.openstreetmap.org/node/5041557941"
      }
    },
    {
      "type": "Feature",
      "id": "Q692591",
      "geometry": {
        "type": "Point",
        "coordinates": [
          11.28671,
          43.77201
        ]
      },
      "properties": {
        "id": "Q692591",
        "slug": "chiesa-di-san-michele-a-san-salvi-q692591",
        "name": "chiesa di San Michele a San Salvi",
        "church_type": "church",
        "region": "Tuscany",
        "historic_scope": "historic",
        "date_display": "11th century",
        "date_kind": "century",
        "start_year": 1001,
        "end_year": 1100,
        "date_source": "wikidata",
        "date_basis": "inception",
        "date_source_name": "Wikidata",
        "date_source_url": "https://www.wikidata.org/wiki/Q692591",
        "date_sources": [
          {
            "name": "Wikidata",
            "url": "https://www.wikidata.org/wiki/Q692591",
            "source_id": "Q692591"
          }
        ],
        "historical_phases": [],
        "coordinate_source": "wikidata",
        "hero_image": "https://upload.wikimedia.org/wikipedia/commons/f/f8/Chiesa_di_san_salvi.JPG",
        "hero_filename": "Chiesa di san salvi.JPG",
        "hero_description_url": "https://commons.wikimedia.org/wiki/File:Chiesa_di_san_salvi.JPG",
        "hero_artist": "Sailko",
        "hero_license_name": "CC BY 2.5",
        "hero_license_url": "https://creativecommons.org/licenses/by/2.5",
        "website": "http://www.mac.cat/cat/Seus/Barcelona",
        "wikidata_url": "https://www.wikidata.org/wiki/Q692591",
        "osm_url": "https://www.openstreetmap.org/way/196374482"
      }
    },
    {
      "type": "Feature",
      "id": "Q764060",
      "geometry": {
        "type": "Point",
        "coordinates": [
          11.25179167,
          43.77245556
        ]
      },
      "properties": {
        "id": "Q764060",
        "slug": "chiesa-dei-santi-michele-e-gaetano-q764060",
        "name": "chiesa dei Santi Michele e Gaetano",
        "church_type": "church",
        "region": "Tuscany",
        "historic_scope": "historic",
        "date_display": "1597",
        "date_kind": "year",
        "start_year": 1597,
        "end_year": 1597,
        "date_source": "wikidata",
        "date_basis": "inception",
        "date_source_name": "Wikidata",
        "date_source_url": "https://www.wikidata.org/wiki/Q764060",
        "date_sources": [
          {
            "name": "Wikidata",
            "url": "https://www.wikidata.org/wiki/Q764060",
            "source_id": "Q764060"
          }
        ],
        "historical_phases": [],
        "coordinate_source": "wikidata",
        "hero_image": "https://upload.wikimedia.org/wikipedia/commons/7/7e/San_Gaetano%2C_facciata_12.JPG",
        "hero_filename": "San Gaetano, facciata 12.JPG",
        "hero_description_url": "https://commons.wikimedia.org/wiki/File:San_Gaetano,_facciata_12.JPG",
        "hero_artist": "sailko",
        "hero_license_name": "CC BY 2.5",
        "hero_license_url": "https://creativecommons.org/licenses/by/2.5",
        "website": null,
        "wikidata_url": "https://www.wikidata.org/wiki/Q764060",
        "osm_url": "https://www.openstreetmap.org/way/234429578"
      }
    },
    {
      "type": "Feature",
      "id": "Q783096",
      "geometry": {
        "type": "Point",
        "coordinates": [
          10.39715,
          43.72177
        ]
      },
      "properties": {
        "id": "Q783096",
        "slug": "chiesa-di-san-giorgio-ai-tedeschi-q783096",
        "name": "chiesa di San Giorgio ai Tedeschi",
        "church_type": "church",
        "region": "Tuscany",
        "historic_scope": "historic",
        "date_display": "1316",
        "date_kind": "year",
        "start_year": 1316,
        "end_year": 1316,
        "date_source": "wikidata",
        "date_basis": "inception",
        "date_source_name": "Wikidata",
        "date_source_url": "https://www.wikidata.org/wiki/Q783096",
        "date_sources": [
          {
            "name": "Wikidata",
            "url": "https://www.wikidata.org/wiki/Q783096",
            "source_id": "Q783096"
          }
        ],
        "historical_phases": [],
        "coordinate_source": "wikidata",
        "hero_image": "https://upload.wikimedia.org/wikipedia/commons/thumb/a/a2/Pisa-_chiesa_di_san_giorgio_dei_tedeschi.JPG/1920px-Pisa-_chiesa_di_san_giorgio_dei_tedeschi.JPG",
        "hero_filename": "Pisa- chiesa di san giorgio dei tedeschi.JPG",
        "hero_description_url": "https://commons.wikimedia.org/wiki/File:Pisa-_chiesa_di_san_giorgio_dei_tedeschi.JPG",
        "hero_artist": "Luca Aless",
        "hero_license_name": "CC BY-SA 3.0",
        "hero_license_url": "https://creativecommons.org/licenses/by-sa/3.0",
        "website": null,
        "wikidata_url": "https://www.wikidata.org/wiki/Q783096",
        "osm_url": "https://www.openstreetmap.org/way/335634583"
      }
    },
    {
      "type": "Feature",
      "id": "Q844337",
      "geometry": {
        "type": "Point",
        "coordinates": [
          11.265,
          43.759444
        ]
      },
      "properties": {
        "id": "Q844337",
        "slug": "basilica-di-san-miniato-al-monte-q844337",
        "name": "basilica di San Miniato al Monte",
        "church_type": "basilica",
        "region": "Tuscany",
        "historic_scope": "historic",
        "date_display": "1018",
        "date_kind": "year",
        "start_year": 1018,
        "end_year": 1018,
        "date_source": "wikidata",
        "date_basis": "inception",
        "date_source_name": "Wikidata",
        "date_source_url": "https://www.wikidata.org/wiki/Q844337",
        "date_sources": [
          {
            "name": "Wikidata",
            "url": "https://www.wikidata.org/wiki/Q844337",
            "source_id": "Q844337"
          }
        ],
        "historical_phases": [],
        "coordinate_source": "wikidata",
        "hero_image": "https://upload.wikimedia.org/wikipedia/commons/thumb/5/59/Sanminiato.jpg/1920px-Sanminiato.jpg",
        "hero_filename": "Sanminiato.jpg",
        "hero_description_url": "https://commons.wikimedia.org/wiki/File:Sanminiato.jpg",
        "hero_artist": null,
        "hero_license_name": "Public domain",
        "hero_license_url": null,
        "website": "http://www.sanminiatoalmonte.it/",
        "wikidata_url": "https://www.wikidata.org/wiki/Q844337",
        "osm_url": "https://www.openstreetmap.org/way/184781037"
      }
    },
    {
      "type": "Feature",
      "id": "Q860816",
      "geometry": {
        "type": "Point",
        "coordinates": [
          11.25505,
          43.77071
        ]
      },
      "properties": {
        "id": "Q860816",
        "slug": "chiesa-di-orsanmichele-q860816",
        "name": "chiesa di Orsanmichele",
        "church_type": "church",
        "region": "Tuscany",
        "historic_scope": "historic",
        "date_display": "1337",
        "date_kind": "year",
        "start_year": 1337,
        "end_year": 1337,
        "date_source": "wikidata",
        "date_basis": "inception",
        "date_source_name": "Wikidata",
        "date_source_url": "https://www.wikidata.org/wiki/Q860816",
        "date_sources": [
          {
            "name": "Wikidata",
            "url": "https://www.wikidata.org/wiki/Q860816",
            "source_id": "Q860816"
          }
        ],
        "historical_phases": [],
        "coordinate_source": "wikidata",
        "hero_image": "https://upload.wikimedia.org/wikipedia/commons/thumb/a/a8/La_chiesa_di_Orsanmichele%2C_detta_anticamente_anche_chiesa_di_San_Michele_in_Orto.jpg/1920px-La_chiesa_di_Orsanmichele%2C_detta_anticamente_anche_chiesa_di_San_Michele_in_Orto.jpg",
        "hero_filename": "La chiesa di Orsanmichele, detta anticamente anche chiesa di San Michele in Orto.jpg",
        "hero_description_url": "https://commons.wikimedia.org/wiki/File:La_chiesa_di_Orsanmichele,_detta_anticamente_anche_chiesa_di_San_Michele_in_Orto.jpg",
        "hero_artist": "Guido Castelli66",
        "hero_license_name": "CC BY-SA 4.0",
        "hero_license_url": "https://creativecommons.org/licenses/by-sa/4.0",
        "website": "https://bargellomusei.it/en/museum/orsanmichele/",
        "wikidata_url": "https://www.wikidata.org/wiki/Q860816",
        "osm_url": "https://www.openstreetmap.org/way/442508011"
      }
    },
    {
      "type": "Feature",
      "id": "Q93679",
      "geometry": {
        "type": "Point",
        "coordinates": [
          10.51127778,
          43.84541667
        ]
      },
      "properties": {
        "id": "Q93679",
        "slug": "chiesa-di-san-francesco-q93679",
        "name": "chiesa di San Francesco",
        "church_type": "church",
        "region": "Tuscany",
        "historic_scope": "historic",
        "date_display": "1430",
        "date_kind": "year",
        "start_year": 1430,
        "end_year": 1430,
        "date_source": "wikidata",
        "date_basis": "inception",
        "date_source_name": "Wikidata",
        "date_source_url": "https://www.wikidata.org/wiki/Q93679",
        "date_sources": [
          {
            "name": "Wikidata",
            "url": "https://www.wikidata.org/wiki/Q93679",
            "source_id": "Q93679"
          }
        ],
        "historical_phases": [],
        "coordinate_source": "wikidata",
        "hero_image": "https://upload.wikimedia.org/wikipedia/commons/3/39/686LuccaSFrancesco.JPG",
        "hero_filename": "686LuccaSFrancesco.JPG",
        "hero_description_url": "https://commons.wikimedia.org/wiki/File:686LuccaSFrancesco.JPG",
        "hero_artist": "Geobia",
        "hero_license_name": "CC BY-SA 3.0",
        "hero_license_url": "https://creativecommons.org/licenses/by-sa/3.0",
        "website": null,
        "wikidata_url": "https://www.wikidata.org/wiki/Q93679",
        "osm_url": "https://www.openstreetmap.org/way/169566154"
      }
    },
    {
      "type": "Feature",
      "id": "Q98217148",
      "geometry": {
        "type": "Point",
        "coordinates": [
          14.487333333333334,
          41.54419444444444
        ]
      },
      "properties": {
        "id": "Q98217148",
        "slug": "chiesa-di-santa-maria-assunta-in-cielo-q98217148",
        "name": "chiesa di Santa Maria Assunta in Cielo",
        "church_type": "church",
        "region": "Molise",
        "historic_scope": "historic",
        "date_display": "1241",
        "date_kind": "year",
        "start_year": 1241,
        "end_year": 1241,
        "date_source": "wikidata",
        "date_basis": "inception",
        "date_source_name": "Wikidata",
        "date_source_url": "https://www.wikidata.org/wiki/Q98217148",
        "date_sources": [
          {
            "name": "Wikidata",
            "url": "https://www.wikidata.org/wiki/Q98217148",
            "source_id": "Q98217148"
          }
        ],
        "historical_phases": [],
        "coordinate_source": "wikidata",
        "hero_image": "https://upload.wikimedia.org/wikipedia/commons/thumb/9/9a/Chiesa_di_Santa_Maria_Assunta_Spinete.jpg/1920px-Chiesa_di_Santa_Maria_Assunta_Spinete.jpg",
        "hero_filename": "Chiesa di Santa Maria Assunta Spinete.jpg",
        "hero_description_url": "https://commons.wikimedia.org/wiki/File:Chiesa_di_Santa_Maria_Assunta_Spinete.jpg",
        "hero_artist": "Goldmund100",
        "hero_license_name": "CC BY-SA 4.0",
        "hero_license_url": "https://creativecommons.org/licenses/by-sa/4.0",
        "website": null,
        "wikidata_url": "https://www.wikidata.org/wiki/Q98217148",
        "osm_url": "https://www.openstreetmap.org/way/378932621"
      }
    },
    {
      "type": "Feature",
      "id": "Q98249147",
      "geometry": {
        "type": "Point",
        "coordinates": [
          14.487863,
          41.542212
        ]
      },
      "properties": {
        "id": "Q98249147",
        "slug": "chiesa-di-san-pietro-apostolo-spinete-q98249147",
        "name": "chiesa di San Pietro Apostolo Spinete",
        "church_type": "church",
        "region": "Molise",
        "historic_scope": "historic",
        "date_display": "13th century",
        "date_kind": "century",
        "start_year": 1201,
        "end_year": 1300,
        "date_source": "wikidata",
        "date_basis": "inception",
        "date_source_name": "Wikidata",
        "date_source_url": "https://www.wikidata.org/wiki/Q98249147",
        "date_sources": [
          {
            "name": "Wikidata",
            "url": "https://www.wikidata.org/wiki/Q98249147",
            "source_id": "Q98249147"
          }
        ],
        "historical_phases": [],
        "coordinate_source": "wikidata",
        "hero_image": "https://upload.wikimedia.org/wikipedia/commons/thumb/9/99/San_Pietro_Spinete.jpg/1920px-San_Pietro_Spinete.jpg",
        "hero_filename": "San Pietro Spinete.jpg",
        "hero_description_url": "https://commons.wikimedia.org/wiki/File:San_Pietro_Spinete.jpg",
        "hero_artist": "Goldmund100",
        "hero_license_name": "CC BY-SA 4.0",
        "hero_license_url": "https://creativecommons.org/licenses/by-sa/4.0",
        "website": null,
        "wikidata_url": "https://www.wikidata.org/wiki/Q98249147",
        "osm_url": "https://www.openstreetmap.org/way/1469546724"
      }
    },
    {
      "type": "Feature",
      "id": "Q98408389",
      "geometry": {
        "type": "Point",
        "coordinates": [
          14.486687,
          41.545086
        ]
      },
      "properties": {
        "id": "Q98408389",
        "slug": "chiesa-di-santa-maria-del-carmine-spinete-q98408389",
        "name": "chiesa di Santa Maria del Carmine Spinete",
        "church_type": "church",
        "region": "Molise",
        "historic_scope": "historic",
        "date_display": "12th century",
        "date_kind": "century",
        "start_year": 1101,
        "end_year": 1200,
        "date_source": "wikidata",
        "date_basis": "inception",
        "date_source_name": "Wikidata",
        "date_source_url": "https://www.wikidata.org/wiki/Q98408389",
        "date_sources": [
          {
            "name": "Wikidata",
            "url": "https://www.wikidata.org/wiki/Q98408389",
            "source_id": "Q98408389"
          }
        ],
        "historical_phases": [],
        "coordinate_source": "wikidata",
        "hero_image": "https://upload.wikimedia.org/wikipedia/commons/3/35/Santa_Maria_del_Carmine_Spinete.jpg",
        "hero_filename": "Santa Maria del Carmine Spinete.jpg",
        "hero_description_url": "https://commons.wikimedia.org/wiki/File:Santa_Maria_del_Carmine_Spinete.jpg",
        "hero_artist": "Goldmund100",
        "hero_license_name": "CC BY-SA 4.0",
        "hero_license_url": "https://creativecommons.org/licenses/by-sa/4.0",
        "website": null,
        "wikidata_url": "https://www.wikidata.org/wiki/Q98408389",
        "osm_url": "https://www.openstreetmap.org/way/378932616"
      }
    }
  ]
}